filename,path,Action,Adventure,Animation,Biography,Comedy,Crime,Drama,Family,Fantasy,Film-Noir,History,Horror,Music,Musical,Mystery,Romance,Sci-Fi,Short,Sport,Thriller,War,Western
10thingsihateaboutyou.txt,Comedy/10thingsihateaboutyou.txt,0,0,0,0,1,0,0,0,0,0,0,0,0,0,0,1,0,0,0,0,0,0
12.txt,Comedy/12.txt,0,0,0,0,1,0,0,0,0,0,0,0,0,0,0,0,0,0,0,0,0,0
127hours.txt,Adventure/127hours.txt,0,1,0,0,0,0,1,0,0,0,0,0,0,0,0,0,0,0,0,1,0,0
12andholding.txt,Drama/12andholding.txt,0,0,0,0,0,0,1,0,0,0,0,0,0,0,0,0,0,0,0,0,0,0
12monkeys.txt,Drama/12monkeys.txt,0,0,0,0,0,0,1,0,0,0,0,0,0,0,0,0,1,0,0,1,0,0
12yearsaslave.txt,Drama/12yearsaslave.txt,0,0,0,0,0,0,1,0,0,0,0,0,0,0,0,0,0,0,0,0,0,0
1492conquestofparadise.txt,Adventure/1492conquestofparadise.txt,0,1,0,0,0,0,1,0,0,0,0,0,0,0,0,0,0,0,0,0,0,0
15minutes.txt,Action/15minutes.txt,1,0,0,0,0,1,0,0,0,0,0,0,0,0,0,0,0,0,0,1,0,0
17again.txt,Comedy/17again.txt,0,0,0,0,1,0,1,0,0,0,0,0,0,0,0,1,0,0,0,0,0,0
187.txt,Drama/187.txt,0,0,0,0,0,0,1,0,0,0,0,0,0,0,0,0,0,0,0,0,0,0
2001aspaceodyssey.txt,Adventure/2001aspaceodyssey.txt,0,1,0,0,0,0,0,0,0,0,0,0,0,0,0,0,1,0,0,0,0,0
2012.txt,Action/2012.txt,1,1,0,0,0,0,1,0,0,0,0,0,0,0,0,0,1,0,0,1,0,0
30minutesorless.txt,Action/30minutesorless.txt,1,1,0,0,1,0,0,0,0,0,0,0,0,0,0,0,0,0,0,0,0,0
42.txt,Drama/42.txt,0,0,0,0,0,0,1,0,0,0,0,0,0,0,0,0,0,0,0,0,0,0
44inchchest.txt,Crime/44inchchest.txt,0,0,0,0,0,1,1,0,0,0,0,0,0,0,0,0,0,0,0,0,0,0
48hrs..txt,Action/48hrs..txt,1,0,0,0,1,0,0,0,0,0,0,0,0,0,0,0,0,0,0,1,0,0
500daysofsummer.txt,Comedy/500daysofsummer.txt,0,0,0,0,1,0,1,0,0,0,0,0,0,0,0,1,0,0,0,0,0,0
5050.txt,Comedy/5050.txt,0,0,0,0,1,0,1,0,0,0,0,0,0,0,0,0,0,0,0,0,0,0
8mm.txt,Mystery/8mm.txt,0,0,0,0,0,0,0,0,0,0,0,0,0,0,1,0,0,0,0,1,0,0
9.txt,Adventure/9.txt,0,1,1,0,0,0,1,0,1,0,0,0,0,0,0,0,1,0,0,0,0,0
abovethelaw.txt,Action/abovethelaw.txt,1,0,0,0,0,0,0,0,0,0,0,0,0,0,0,0,0,0,0,0,0,0
absolutepower.txt,Crime/absolutepower.txt,0,0,0,0,0,1,1,0,0,0,0,0,0,0,0,0,0,0,0,1,0,0
abyssthe.txt,Action/abyssthe.txt,1,1,0,0,0,0,0,0,0,0,0,0,0,0,0,0,1,0,0,1,0,0
aceventurapetdetective.txt,Comedy/aceventurapetdetective.txt,0,0,0,0,1,0,0,0,0,0,0,0,0,0,0,0,0,0,0,0,0,0
adaptation.txt,Comedy/adaptation.txt,0,0,0,0,1,0,1,0,0,0,0,0,0,0,0,0,0,0,0,0,0,0
addamsfamilythe.txt,Comedy/addamsfamilythe.txt,0,0,0,0,1,0,0,1,1,0,0,1,0,0,0,0,0,0,0,0,0,0
adjustmentbureauthe.txt,Romance/adjustmentbureauthe.txt,0,0,0,0,0,0,0,0,0,0,0,0,0,0,0,1,1,0,0,1,0,0
adventuresofbuckaroobanzaiacrosstheeighthdimensionthe.txt,Adventure/adventuresofbuckaroobanzaiacrosstheeighthdimensionthe.txt,0,1,0,0,1,0,0,0,0,0,0,0,0,0,0,1,1,0,0,0,0,0
afewgoodmen.txt,Crime/afewgoodmen.txt,0,0,0,0,0,1,1,0,0,0,0,0,0,0,1,0,0,0,0,1,0,0
affliction.txt,Drama/affliction.txt,0,0,0,0,0,0,1,0,0,0,0,0,0,0,0,0,0,0,0,0,0,0
after.life.txt,Drama/after.life.txt,0,0,0,0,0,0,1,0,0,0,0,1,0,0,0,0,0,0,0,1,0,0
afterschoolspecial.txt,Comedy/afterschoolspecial.txt,0,0,0,0,1,0,0,0,0,0,0,0,0,0,0,0,0,0,0,0,0,0
agnesofgod.txt,Drama/agnesofgod.txt,0,0,0,0,0,0,1,0,0,0,0,0,0,0,1,0,0,0,0,0,0,0
airforceone.txt,Action/airforceone.txt,1,1,0,0,0,0,1,0,0,0,0,0,0,0,0,0,0,0,0,1,0,0
airplane.txt,Comedy/airplane.txt,0,0,0,0,1,0,0,0,0,0,0,0,0,0,0,1,0,0,0,0,0,0
airplane2thesequel.txt,Comedy/airplane2thesequel.txt,0,0,0,0,1,0,0,0,0,0,0,0,0,0,0,0,1,0,0,0,0,0
aladdin.txt,Animation/aladdin.txt,0,0,1,0,1,0,0,1,1,0,0,0,0,1,0,0,0,0,0,0,0,0
ali.txt,Drama/ali.txt,0,0,0,0,0,0,1,0,0,0,0,0,0,0,0,0,0,0,0,0,0,0
alien.txt,Action/alien.txt,1,0,0,0,0,0,0,0,0,0,0,1,0,0,0,0,1,0,0,1,0,0
alien3.txt,Action/alien3.txt,1,0,0,0,0,0,1,0,0,0,0,1,0,0,0,0,1,0,0,1,0,0
aliennation.txt,Crime/aliennation.txt,0,0,0,0,0,1,1,0,0,0,0,0,0,0,0,0,1,0,0,0,0,0
alienresurrection.txt,Action/alienresurrection.txt,1,0,0,0,0,0,0,0,0,0,0,1,0,0,0,0,1,0,0,1,0,0
aliens.txt,Action/aliens.txt,1,0,0,0,0,0,0,0,0,0,0,1,0,0,0,0,1,0,0,1,0,0
alienvs.predator.txt,Action/alienvs.predator.txt,1,0,0,0,0,0,0,0,0,0,0,1,0,0,0,0,1,0,0,1,0,0
allabouteve.txt,Drama/allabouteve.txt,0,0,0,0,0,0,1,0,0,0,0,0,0,0,0,0,0,0,0,0,0,0
allaboutsteve.txt,Comedy/allaboutsteve.txt,0,0,0,0,1,0,0,0,0,0,0,0,0,0,0,0,0,0,0,0,0,0
allthekingsmen.txt,Drama/allthekingsmen.txt,0,0,0,0,0,0,1,0,0,0,0,0,0,0,0,0,0,0,0,0,0,0
allthepresidentsmen.txt,Drama/allthepresidentsmen.txt,0,0,0,0,0,0,1,0,0,0,0,0,0,0,0,0,0,0,0,1,0,0
almostfamous.txt,Comedy/almostfamous.txt,0,0,0,0,1,0,1,0,0,0,0,0,0,0,0,1,0,0,0,0,0,0
aloneinthedark.txt,Action/aloneinthedark.txt,1,0,0,0,0,0,0,0,0,0,0,1,0,0,0,0,0,0,0,1,0,0
amadeus.txt,Drama/amadeus.txt,0,0,0,0,0,0,1,0,0,0,0,0,0,0,0,0,0,0,0,0,0,0
amelia.txt,Drama/amelia.txt,0,0,0,0,0,0,1,0,0,0,0,0,0,0,0,0,0,0,0,0,0,0
americanbeauty.txt,Drama/americanbeauty.txt,0,0,0,0,0,0,1,0,0,0,0,0,0,0,0,0,0,0,0,0,0,0
americangangster.txt,Crime/americangangster.txt,0,0,0,0,0,1,1,0,0,0,0,0,0,0,0,0,0,0,0,0,0,0
americangraffiti.txt,Comedy/americangraffiti.txt,0,0,0,0,1,0,1,0,0,0,0,0,0,0,0,0,0,0,0,0,0,0
americanhistoryx.txt,Crime/americanhistoryx.txt,0,0,0,0,0,1,1,0,0,0,0,0,0,0,0,0,0,0,0,1,0,0
americanhustle.txt,Crime/americanhustle.txt,0,0,0,0,0,1,1,0,0,0,0,0,0,0,0,0,0,0,0,0,0,0
americanmadness.txt,Drama/americanmadness.txt,0,0,0,0,0,0,1,0,0,0,0,0,0,0,0,0,0,0,0,0,0,0
americanpie.txt,Comedy/americanpie.txt,0,0,0,0,1,0,0,0,0,0,0,0,0,0,0,0,0,0,0,0,0,0
americanpresidentthe.txt,Comedy/americanpresidentthe.txt,0,0,0,0,1,0,1,0,0,0,0,0,0,0,0,1,0,0,0,0,0,0
americanpsycho.txt,Drama/americanpsycho.txt,0,0,0,0,0,0,1,0,0,0,0,1,0,0,0,0,0,0,0,1,0,0
americanshaolinkingofkickboxersii.txt,Action/americanshaolinkingofkickboxersii.txt,1,0,0,0,0,0,0,0,0,0,0,0,0,0,0,0,0,0,0,0,0,0
americansplendor.txt,Comedy/americansplendor.txt,0,0,0,0,1,0,1,0,0,0,0,0,0,0,0,0,0,0,0,0,0,0
americanthe.txt,Crime/americanthe.txt,0,0,0,0,0,1,1,0,0,0,0,0,0,0,0,0,0,0,0,1,0,0
americanwerewolfinlondon.txt,Comedy/americanwerewolfinlondon.txt,0,0,0,0,1,0,0,0,0,0,0,1,0,0,0,1,0,0,0,0,0,0
amityvilleasylumthe.txt,Horror/amityvilleasylumthe.txt,0,0,0,0,0,0,0,0,0,0,0,1,0,0,0,0,0,0,0,0,0,0
amour.txt,Drama/amour.txt,0,0,0,0,0,0,1,0,0,0,0,0,0,0,0,1,0,0,0,0,0,0
analyzethat.txt,Comedy/analyzethat.txt,0,0,0,0,1,1,0,0,0,0,0,0,0,0,0,0,0,0,0,0,0,0
analyzethis.txt,Comedy/analyzethis.txt,0,0,0,0,1,1,0,0,0,0,0,0,0,0,0,0,0,0,0,0,0,0
anastasia.txt,Animation/anastasia.txt,0,0,1,0,0,0,0,1,0,0,0,0,0,1,0,0,0,0,0,0,0,0
aneducation.txt,Drama/aneducation.txt,0,0,0,0,0,0,1,0,0,0,0,0,0,0,0,0,0,0,0,0,0,0
angeleyes.txt,Drama/angeleyes.txt,0,0,0,0,0,0,1,0,0,0,0,0,0,0,0,1,0,0,0,0,0,0
angelsdemons.txt,Drama/angelsdemons.txt,0,0,0,0,0,0,1,0,0,0,0,0,0,0,1,0,0,0,0,1,0,0
annakarenina.txt,Drama/annakarenina.txt,0,0,0,0,0,0,1,0,0,0,0,0,0,0,0,0,0,0,0,0,0,0
anniehall.txt,Comedy/anniehall.txt,0,0,0,0,1,0,0,0,0,0,0,0,0,0,0,1,0,0,0,0,0,0
anniversarypartythe.txt,Drama/anniversarypartythe.txt,0,0,0,0,0,0,1,0,0,0,0,0,0,0,0,0,0,0,0,0,0,0
anonymous.txt,Drama/anonymous.txt,0,0,0,0,0,0,1,0,0,0,0,0,0,0,0,0,0,0,0,1,0,0
antitrust.txt,Crime/antitrust.txt,0,0,0,0,0,1,1,0,0,0,0,0,0,0,0,0,0,0,0,1,0,0
antz.txt,Adventure/antz.txt,0,1,1,0,1,0,0,0,1,0,0,0,0,0,0,0,0,0,0,0,0,0
apartmentthe.txt,Comedy/apartmentthe.txt,0,0,0,0,1,0,0,0,0,0,0,0,0,0,0,0,0,0,0,0,0,0
apocalypsenow.txt,Action/apocalypsenow.txt,1,0,0,0,0,0,1,0,0,0,0,0,0,0,0,0,0,0,0,0,1,0
aprilfoolsday.txt,Comedy/aprilfoolsday.txt,0,0,0,0,1,0,0,0,0,0,0,1,0,0,1,0,0,0,0,0,0,0
aptpupil.txt,Drama/aptpupil.txt,0,0,0,0,0,0,1,0,0,0,0,0,0,0,0,0,0,0,0,1,0,0
arbitrage.txt,Drama/arbitrage.txt,0,0,0,0,0,0,1,0,0,0,0,0,0,0,0,0,0,0,0,1,0,0
arcade.txt,Sci-Fi/arcade.txt,0,0,0,0,0,0,0,0,0,0,0,0,0,0,0,0,1,0,0,0,0,0
arcticblue.txt,Action/arcticblue.txt,1,0,0,0,0,0,0,0,0,0,0,0,0,0,0,0,0,0,0,1,0,0
argo.txt,Drama/argo.txt,0,0,0,0,0,0,1,0,0,0,0,0,0,0,0,0,0,0,0,1,0,0
armageddon.txt,Action/armageddon.txt,1,0,0,0,0,0,0,0,0,0,0,0,0,0,0,0,1,0,0,1,0,0
armyofdarkness.txt,Action/armyofdarkness.txt,1,1,0,0,1,0,0,0,1,0,0,1,0,0,0,0,0,0,0,0,0,0
arsenicandoldlace.txt,Comedy/arsenicandoldlace.txt,0,0,0,0,1,1,0,0,0,0,0,0,0,0,0,0,0,0,0,0,0,0
arthur.txt,Comedy/arthur.txt,0,0,0,0,1,0,0,0,0,0,0,0,0,0,0,0,0,0,0,0,0,0
artistthe.txt,Comedy/artistthe.txt,0,0,0,0,1,0,1,0,0,0,0,0,0,0,0,1,0,0,0,0,0,0
aseriousman.txt,Comedy/aseriousman.txt,0,0,0,0,1,0,0,0,0,0,0,0,0,0,0,0,0,0,0,0,0,0
asgoodasitgets.txt,Comedy/asgoodasitgets.txt,0,0,0,0,1,0,1,0,0,0,0,0,0,0,0,1,0,0,0,0,0,0
assassins.txt,Action/assassins.txt,1,0,0,0,0,0,0,0,0,0,0,0,0,0,0,0,0,0,0,1,0,0
assignmentthe.txt,Thriller/assignmentthe.txt,0,0,0,0,0,0,0,0,0,0,0,0,0,0,0,0,0,0,0,1,0,0
atfirstsight.txt,Drama/atfirstsight.txt,0,0,0,0,0,0,1,0,0,0,0,0,0,0,0,0,0,0,0,0,0,0
augustosagecounty.txt,Drama/augustosagecounty.txt,0,0,0,0,0,0,1,0,0,0,0,0,0,0,0,0,0,0,0,0,0,0
austinpowersinternationalmanofmystery.txt,Action/austinpowersinternationalmanofmystery.txt,1,0,0,0,1,0,0,0,0,0,0,0,0,0,0,0,0,0,0,0,0,0
austinpowersthespywhoshaggedme.txt,Action/austinpowersthespywhoshaggedme.txt,1,0,0,0,1,0,0,0,0,0,0,0,0,0,0,0,0,0,0,0,0,0
authorsanonymous.txt,Comedy/authorsanonymous.txt,0,0,0,0,1,0,0,0,0,0,0,0,0,0,0,0,0,0,0,0,0,0
autumninnewyork.txt,Drama/autumninnewyork.txt,0,0,0,0,0,0,1,0,0,0,0,0,0,0,0,1,0,0,0,0,0,0
avatar.txt,Action/avatar.txt,1,1,0,0,0,0,0,0,0,0,0,0,0,0,0,0,1,0,0,0,0,0
avengersthe.txt,Action/avengersthe.txt,1,1,0,0,0,0,0,0,0,0,0,0,0,0,0,0,0,0,0,0,0,0
avengersthe2012.txt,Action/avengersthe2012.txt,1,1,0,0,0,0,0,0,0,0,0,0,0,0,0,0,1,0,0,0,0,0
avventuraltheadventure.txt,Drama/avventuraltheadventure.txt,0,0,0,0,0,0,1,0,0,0,0,0,0,0,1,0,0,0,0,1,0,0
awakenings.txt,Drama/awakenings.txt,0,0,0,0,0,0,1,0,0,0,0,0,0,0,0,0,0,0,0,0,0,0
babel.txt,Drama/babel.txt,0,0,0,0,0,0,1,0,0,0,0,0,0,0,0,0,0,0,0,1,0,0
bachelorparty.txt,Comedy/bachelorparty.txt,0,0,0,0,1,0,0,0,0,0,0,0,0,0,0,0,0,0,0,0,0,0
bachelorpartythe.txt,Drama/bachelorpartythe.txt,0,0,0,0,0,0,1,0,0,0,0,0,0,0,0,0,0,0,0,0,0,0
backdraft.txt,Action/backdraft.txt,1,0,0,0,0,0,1,0,0,0,0,0,0,0,1,0,0,0,0,1,0,0
backupplanthe.txt,Comedy/backupplanthe.txt,0,0,0,0,1,0,0,0,0,0,0,0,0,0,0,1,0,0,0,0,0,0
badboys.txt,Action/badboys.txt,1,0,0,0,1,0,0,0,0,0,0,0,0,0,0,0,0,0,0,0,0,0
badcountry.txt,Action/badcountry.txt,1,0,0,0,0,1,1,0,0,0,0,0,0,0,0,0,0,0,0,0,0,0
baddayatblackrock.txt,Drama/baddayatblackrock.txt,0,0,0,0,0,0,1,0,0,0,0,0,0,0,0,0,0,0,0,1,0,1
baddreams.txt,Horror/baddreams.txt,0,0,0,0,0,0,0,0,0,0,0,1,0,0,0,0,0,0,0,1,0,0
badlands.txt,Crime/badlands.txt,0,0,0,0,0,1,1,0,0,0,0,0,0,0,0,0,0,0,0,1,0,0
badlieutenant.txt,Crime/badlieutenant.txt,0,0,0,0,0,1,1,0,0,0,0,0,0,0,0,0,0,0,0,0,0,0
badsanta.txt,Comedy/badsanta.txt,0,0,0,0,1,1,0,0,0,0,0,0,0,0,0,0,0,0,0,0,0,0
badteacher.txt,Comedy/badteacher.txt,0,0,0,0,1,0,0,0,0,0,0,0,0,0,0,0,0,0,0,0,0,0
bamboozled.txt,Comedy/bamboozled.txt,0,0,0,0,1,0,1,0,0,0,0,0,0,0,0,0,0,0,0,0,0,0
barrylyndon.txt,Drama/barrylyndon.txt,0,0,0,0,0,0,1,0,0,0,0,0,0,0,0,1,0,0,0,0,1,0
bartonfink.txt,Comedy/bartonfink.txt,0,0,0,0,1,0,1,0,0,0,0,0,0,0,0,0,0,0,0,1,0,0
basic.txt,Drama/basic.txt,0,0,0,0,0,0,1,0,0,0,0,0,0,0,1,0,0,0,0,1,0,0
basicinstinct.txt,Crime/basicinstinct.txt,0,0,0,0,0,1,0,0,0,0,0,0,0,0,1,0,0,0,0,1,0,0
basquiat.txt,Drama/basquiat.txt,0,0,0,0,0,0,1,0,0,0,0,0,0,0,0,0,0,0,0,0,0,0
batman.txt,Action/batman.txt,1,0,0,0,0,1,0,0,1,0,0,0,0,0,0,0,0,0,0,1,0,0
batman2.txt,Action/batman2.txt,1,0,0,0,0,1,0,0,1,0,0,0,0,0,0,0,0,0,0,1,0,0
battlelosangeles.txt,Action/battlelosangeles.txt,1,0,0,0,0,0,0,0,0,0,0,0,0,0,0,0,1,0,0,0,0,0
battleofalgiersthe.txt,Drama/battleofalgiersthe.txt,0,0,0,0,0,0,1,0,0,0,0,0,0,0,0,0,0,0,0,0,1,0
battleofshakerheightsthe.txt,Comedy/battleofshakerheightsthe.txt,0,0,0,0,1,0,1,0,0,0,0,0,0,0,0,1,0,0,0,0,0,0
beachthe.txt,Adventure/beachthe.txt,0,1,0,0,0,0,1,0,0,0,0,0,0,0,0,0,0,0,0,1,0,0
bean.txt,Comedy/bean.txt,0,0,0,0,1,0,0,0,0,0,0,0,0,0,0,0,0,0,0,0,0,0
beastsofthesouthernwild.txt,Drama/beastsofthesouthernwild.txt,0,0,0,0,0,0,1,0,1,0,0,0,0,0,0,0,0,0,0,0,0,0
beavisandbuttheaddoamerica.txt,Animation/beavisandbuttheaddoamerica.txt,0,0,1,0,1,0,0,0,0,0,0,0,0,0,0,0,0,0,0,0,0,0
beginners.txt,Comedy/beginners.txt,0,0,0,0,1,0,1,0,0,0,0,0,0,0,0,1,0,0,0,0,0,0
beinghuman.txt,Comedy/beinghuman.txt,0,0,0,0,1,0,1,0,1,0,0,0,0,0,0,0,0,0,0,0,0,0
beingjohnmalkovich.txt,Comedy/beingjohnmalkovich.txt,0,0,0,0,1,0,0,0,1,0,0,0,0,0,0,0,0,0,0,0,0,0
beingthere.txt,Comedy/beingthere.txt,0,0,0,0,1,0,1,0,0,0,0,0,0,0,0,0,0,0,0,0,0,0
believerthe.txt,Drama/believerthe.txt,0,0,0,0,0,0,1,0,0,0,0,0,0,0,0,0,0,0,0,0,0,0
beloved.txt,Drama/beloved.txt,0,0,0,0,0,0,1,0,0,0,0,0,0,0,0,0,0,0,0,0,0,0
bestexoticmarigoldhotelthe.txt,Comedy/bestexoticmarigoldhotelthe.txt,0,0,0,0,1,0,1,0,0,0,0,0,0,0,0,0,0,0,0,0,0,0
big.txt,Comedy/big.txt,0,0,0,0,1,0,0,1,1,0,0,0,0,0,0,0,0,0,0,0,0,0
bigbluethe.txt,Drama/bigbluethe.txt,0,0,0,0,0,0,1,0,0,0,0,0,0,0,0,1,0,0,0,0,0,0
bigfish.txt,Adventure/bigfish.txt,0,1,0,0,1,0,1,0,1,0,0,0,0,0,0,0,0,0,0,0,0,0
biglebowskithe.txt,Comedy/biglebowskithe.txt,0,0,0,0,1,0,0,0,0,0,0,0,0,0,1,0,0,0,0,1,0,0
bigwhitethe.txt,Comedy/bigwhitethe.txt,0,0,0,0,1,1,1,0,0,0,0,0,0,0,0,0,0,0,0,0,0,0
birdsthe.txt,Drama/birdsthe.txt,0,0,0,0,0,0,1,0,0,0,0,1,0,0,0,1,0,0,0,1,0,0
birthdaygirl.txt,Comedy/birthdaygirl.txt,0,0,0,0,1,1,1,0,0,0,0,0,0,0,0,1,0,0,0,0,0,0
blackdahliathe.txt,Crime/blackdahliathe.txt,0,0,0,0,0,1,1,0,0,0,0,0,0,0,1,0,0,0,0,1,0,0
blackrain.txt,Action/blackrain.txt,1,0,0,0,0,1,1,0,0,0,0,0,0,0,0,0,0,0,0,0,0,0
blacksnakemoan.txt,Drama/blacksnakemoan.txt,0,0,0,0,0,0,1,0,0,0,0,0,0,0,0,0,0,0,0,0,0,0
blackswan.txt,Drama/blackswan.txt,0,0,0,0,0,0,1,0,0,0,0,0,0,0,1,0,0,0,0,1,0,0
blade.txt,Action/blade.txt,1,0,0,0,0,0,0,0,0,0,0,1,0,0,0,0,1,0,0,0,0,0
bladeii.txt,Action/bladeii.txt,1,0,0,0,0,0,0,0,0,0,0,1,0,0,0,0,0,0,0,1,0,0
bladerunner.txt,Action/bladerunner.txt,1,0,0,0,0,0,1,0,0,0,0,0,0,0,0,0,1,0,0,0,0,0
bladetrinity.txt,Action/bladetrinity.txt,1,0,0,0,0,0,0,0,1,0,0,1,0,0,0,0,0,0,0,1,0,0
blastfromthepastthe.txt,Comedy/blastfromthepastthe.txt,0,0,0,0,1,0,1,0,0,0,0,0,0,0,0,1,0,0,0,0,0,0
blindsidethe.txt,Drama/blindsidethe.txt,0,0,0,0,0,0,1,0,0,0,0,0,0,0,0,0,0,0,0,0,0,0
blingringthe.txt,Crime/blingringthe.txt,0,0,0,0,0,1,1,0,0,0,0,0,0,0,0,0,0,0,0,0,0,0
bloodandwine.txt,Crime/bloodandwine.txt,0,0,0,0,0,1,1,0,0,0,0,0,0,0,0,0,0,0,0,1,0,0
bloodsimple.txt,Drama/bloodsimple.txt,0,0,0,0,0,0,1,0,0,0,0,0,0,0,0,0,0,0,0,1,0,0
blow.txt,Crime/blow.txt,0,0,0,0,0,1,1,0,0,0,0,0,0,0,0,0,0,0,0,0,0,0
bluevalentine.txt,Drama/bluevalentine.txt,0,0,0,0,0,0,1,0,0,0,0,0,0,0,0,1,0,0,0,0,0,0
bluevelvet.txt,Crime/bluevelvet.txt,0,0,0,0,0,1,1,0,0,0,0,0,0,0,1,0,0,0,0,1,0,0
bodiesrestmotion.txt,Drama/bodiesrestmotion.txt,0,0,0,0,0,0,1,0,0,0,0,0,0,0,0,1,0,0,0,0,0,0
bodyguard.txt,Drama/bodyguard.txt,0,0,0,0,0,0,1,0,0,0,0,0,0,0,0,1,0,0,0,1,0,0
bodyheat.txt,Crime/bodyheat.txt,0,0,0,0,0,1,0,0,0,0,0,0,0,0,0,0,0,0,0,1,0,0
bodyofevidence.txt,Romance/bodyofevidence.txt,0,0,0,0,0,0,0,0,0,0,0,0,0,0,0,1,0,0,0,1,0,0
bones.txt,Horror/bones.txt,0,0,0,0,0,0,0,0,0,0,0,1,0,0,0,0,0,0,0,0,0,0
bonfireofthevanities.txt,Comedy/bonfireofthevanities.txt,0,0,0,0,1,0,1,0,0,0,0,0,0,0,0,0,0,0,0,0,0,0
bonnieandclyde.txt,Crime/bonnieandclyde.txt,0,0,0,0,0,1,1,0,0,0,0,0,0,0,0,1,0,0,0,0,0,0
boogienights.txt,Drama/boogienights.txt,0,0,0,0,0,0,1,0,0,0,0,0,0,0,0,0,0,0,0,0,0,0
bookofelithe.txt,Action/bookofelithe.txt,1,1,0,0,0,0,1,0,0,0,0,0,0,0,0,0,1,0,0,1,0,1
boondocksaints2allsaintsday.txt,Action/boondocksaints2allsaintsday.txt,1,0,0,0,0,1,1,0,0,0,0,0,0,0,0,0,0,0,0,1,0,0
boondocksaintsthe.txt,Crime/boondocksaintsthe.txt,0,0,0,0,0,1,1,0,0,0,0,0,0,0,0,0,0,0,0,1,0,0
bottlerocket.txt,Comedy/bottlerocket.txt,0,0,0,0,1,1,0,0,0,0,0,0,0,0,0,0,0,0,0,0,0,0
bound.txt,Crime/bound.txt,0,0,0,0,0,1,1,0,0,0,0,0,0,0,0,0,0,0,0,1,0,0
bountyhunterthe.txt,Action/bountyhunterthe.txt,1,0,0,0,1,1,0,0,0,0,0,0,0,0,0,1,0,0,0,0,0,0
bourneidentitythe.txt,Action/bourneidentitythe.txt,1,1,0,0,0,0,1,0,0,0,0,0,0,0,1,0,0,0,0,1,0,0
bourneultimatumthe.txt,Action/bourneultimatumthe.txt,1,1,0,0,0,0,0,0,0,0,0,0,0,0,1,0,0,0,0,1,0,0
boxthe.txt,Drama/boxthe.txt,0,0,0,0,0,0,1,0,0,0,0,0,0,0,1,0,1,0,0,0,0,0
braveheart.txt,Action/braveheart.txt,1,0,0,0,0,0,1,0,0,0,0,0,0,0,0,0,0,0,0,0,1,0
brazil.txt,Comedy/brazil.txt,0,0,0,0,1,0,0,0,1,0,0,0,0,0,0,0,1,0,0,0,0,0
break.txt,Drama/break.txt,0,0,0,0,0,0,1,0,0,0,0,0,0,0,0,0,0,0,0,0,0,0
breakdown.txt,Action/breakdown.txt,1,0,0,0,0,0,0,0,0,0,0,0,0,0,0,0,0,0,0,1,0,0
breakfastclubthe.txt,Comedy/breakfastclubthe.txt,0,0,0,0,1,0,1,0,0,0,0,0,0,0,0,0,0,0,0,0,0,0
breakingaway.txt,Comedy/breakingaway.txt,0,0,0,0,1,0,1,0,0,0,0,0,0,0,0,0,0,0,0,0,0,0
brick.txt,Drama/brick.txt,0,0,0,0,0,0,1,0,0,0,0,0,0,0,1,0,0,0,0,0,0,0
bridesmaids.txt,Comedy/bridesmaids.txt,0,0,0,0,1,0,0,0,0,0,0,0,0,0,0,0,0,0,0,0,0,0
bringingoutthedead.txt,Drama/bringingoutthedead.txt,0,0,0,0,0,0,1,0,0,0,0,0,0,0,0,0,0,0,0,0,0,0
broadcastnews.txt,Comedy/broadcastnews.txt,0,0,0,0,1,0,1,0,0,0,0,0,0,0,0,1,0,0,0,0,0,0
brokenarrow.txt,Action/brokenarrow.txt,1,1,0,0,0,0,0,0,0,0,0,0,0,0,0,0,0,0,0,1,0,0
brokenembraces.txt,Drama/brokenembraces.txt,0,0,0,0,0,0,1,0,0,0,0,0,0,0,0,1,0,0,0,1,0,0
brothersbloomthe.txt,Adventure/brothersbloomthe.txt,0,1,0,0,1,1,1,0,0,0,0,0,0,0,0,1,0,0,0,0,0,0
brucealmighty.txt,Comedy/brucealmighty.txt,0,0,0,0,1,0,0,0,1,0,0,0,0,0,0,1,0,0,0,0,0,0
buffythevampireslayer.txt,Action/buffythevampireslayer.txt,1,0,0,0,1,0,0,0,0,0,0,1,0,0,0,0,0,0,0,0,0,0
bulldurham.txt,Comedy/bulldurham.txt,0,0,0,0,1,0,1,0,0,0,0,0,0,0,0,1,0,0,0,0,0,0
buried.txt,Drama/buried.txt,0,0,0,0,0,0,1,0,0,0,0,0,0,0,1,0,0,0,0,1,0,0
burlesque.txt,Drama/burlesque.txt,0,0,0,0,0,0,1,0,0,0,0,0,0,1,0,1,0,0,0,0,0,0
burnafterreading.txt,Comedy/burnafterreading.txt,0,0,0,0,1,1,0,0,0,0,0,0,0,0,0,0,0,0,0,0,0,0
burningannie.txt,Comedy/burningannie.txt,0,0,0,0,1,0,1,0,0,0,0,0,0,0,0,1,0,0,0,0,0,0
butterflyeffectthe.txt,Drama/butterflyeffectthe.txt,0,0,0,0,0,0,1,0,1,0,0,0,0,0,0,0,0,0,0,1,0,0
cableguy.txt,Comedy/cableguy.txt,0,0,0,0,1,0,1,0,0,0,0,0,0,0,0,0,0,0,0,1,0,0
candletowater.txt,Drama/candletowater.txt,0,0,0,0,0,0,1,0,0,0,0,0,0,0,0,0,0,0,0,0,0,0
capote.txt,Crime/capote.txt,0,0,0,0,0,1,1,0,0,0,0,0,0,0,0,0,0,0,0,0,0,0
carrie.txt,Horror/carrie.txt,0,0,0,0,0,0,0,0,0,0,0,1,0,0,0,0,0,0,0,1,0,0
cars2.txt,Action/cars2.txt,1,1,1,0,0,0,0,0,0,0,0,0,0,0,0,0,0,0,0,0,0,0
case39.txt,Horror/case39.txt,0,0,0,0,0,0,0,0,0,0,0,1,0,0,1,0,0,0,0,1,0,0
casino.txt,Crime/casino.txt,0,0,0,0,0,1,0,0,0,0,0,0,0,0,0,0,0,0,0,0,0,0
castaway.txt,Adventure/castaway.txt,0,1,0,0,0,0,1,0,0,0,0,0,0,0,0,0,0,0,0,0,0,0
catchmeifyoucan.txt,Crime/catchmeifyoucan.txt,0,0,0,0,0,1,1,0,0,0,0,0,0,0,0,0,0,0,0,0,0,0
cecilb.demented.txt,Comedy/cecilb.demented.txt,0,0,0,0,1,1,0,0,0,0,0,0,0,0,0,0,0,0,0,1,0,0
cedarrapids.txt,Comedy/cedarrapids.txt,0,0,0,0,1,0,0,0,0,0,0,0,0,0,0,0,0,0,0,0,0,0
celestejesseforever.txt,Comedy/celestejesseforever.txt,0,0,0,0,1,0,1,0,0,0,0,0,0,0,0,1,0,0,0,0,0,0
cellthe.txt,Horror/cellthe.txt,0,0,0,0,0,0,0,0,0,0,0,1,0,0,0,0,1,0,0,1,0,0
cellular.txt,Action/cellular.txt,1,0,0,0,0,1,1,0,0,0,0,0,0,0,1,0,0,0,0,1,0,0
changeling.txt,Crime/changeling.txt,0,0,0,0,0,1,1,0,0,0,0,0,0,0,1,0,0,0,0,0,0,0
changeupthe.txt,Comedy/changeupthe.txt,0,0,0,0,1,0,0,0,0,0,0,0,0,0,0,0,0,0,0,0,0,0
chaos.txt,Action/chaos.txt,1,0,0,0,0,1,1,0,0,0,0,0,0,0,0,0,0,0,0,1,0,0
charade.txt,Comedy/charade.txt,0,0,0,0,1,0,0,0,0,0,0,0,0,0,1,1,0,0,0,1,0,0
charliesangels.txt,Action/charliesangels.txt,1,0,0,0,1,0,0,0,0,0,0,0,0,0,0,0,0,0,0,0,0,0
chasingamy.txt,Comedy/chasingamy.txt,0,0,0,0,1,0,0,0,0,0,0,0,0,0,0,1,0,0,0,0,0,0
chasingsleep.txt,Horror/chasingsleep.txt,0,0,0,0,0,0,0,0,0,0,0,1,0,0,0,0,0,0,0,1,0,0
cherryfalls.txt,Comedy/cherryfalls.txt,0,0,0,0,1,0,0,0,0,0,0,1,0,0,1,0,0,0,0,1,0,0
chinatown.txt,Crime/chinatown.txt,0,0,0,0,0,1,0,0,0,0,0,0,0,0,1,0,0,0,0,1,0,0
christcomplex.txt,Comedy/christcomplex.txt,0,0,0,0,1,0,0,0,1,0,0,0,0,0,0,0,0,0,0,0,0,0
chronicle.txt,Drama/chronicle.txt,0,0,0,0,0,0,1,0,0,0,0,0,0,0,0,0,1,0,0,1,0,0
chroniclesofnarniathelionthewitchandthewardrobe.txt,Action/chroniclesofnarniathelionthewitchandthewardrobe.txt,1,1,0,0,0,0,1,1,1,0,0,0,0,0,0,0,0,0,0,0,0,0
ciderhouserulesthe.txt,Drama/ciderhouserulesthe.txt,0,0,0,0,0,0,1,0,0,0,0,0,0,0,0,1,0,0,0,0,0,0
cincinnatikidthe.txt,Drama/cincinnatikidthe.txt,0,0,0,0,0,0,1,0,0,0,0,0,0,0,0,0,0,0,0,0,0,0
cinemaparadiso.txt,Drama/cinemaparadiso.txt,0,0,0,0,0,0,1,0,0,0,0,0,0,0,0,1,0,0,0,0,0,0
cirquedufreakthevampiresassistant.txt,Action/cirquedufreakthevampiresassistant.txt,1,1,0,0,0,0,0,0,1,0,0,0,0,0,0,0,0,0,0,1,0,0
citizenkane.txt,Drama/citizenkane.txt,0,0,0,0,0,0,1,0,0,0,0,0,0,0,1,0,0,0,0,0,0,0
cityofjoy.txt,Drama/cityofjoy.txt,0,0,0,0,0,0,1,0,0,0,0,0,0,0,0,0,0,0,0,0,0,0
clashofthetitans.txt,Action/clashofthetitans.txt,1,1,0,0,0,0,1,0,1,0,0,0,0,0,0,0,0,0,0,0,0,0
clerks.txt,Comedy/clerks.txt,0,0,0,0,1,0,1,0,0,0,0,0,0,0,0,0,0,0,0,0,0,0
cliffhanger.txt,Action/cliffhanger.txt,1,1,0,0,0,0,0,0,0,0,0,0,0,0,0,0,0,0,0,1,0,0
clueless.txt,Comedy/clueless.txt,0,0,0,0,1,0,0,0,0,0,0,0,0,0,0,1,0,0,0,0,0,0
cobb.txt,Drama/cobb.txt,0,0,0,0,0,0,1,0,0,0,0,0,0,0,0,0,0,0,0,0,0,0
codeofsilence.txt,Action/codeofsilence.txt,1,0,0,0,0,0,1,0,0,0,0,0,0,0,0,0,0,0,0,0,0,0
coldmountain.txt,Drama/coldmountain.txt,0,0,0,0,0,0,1,0,0,0,0,0,0,0,0,1,0,0,0,0,1,0
collateraldamage.txt,Action/collateraldamage.txt,1,0,0,0,0,0,0,0,0,0,0,0,0,0,0,0,0,0,0,1,0,0
colombiana.txt,Action/colombiana.txt,1,0,0,0,0,1,1,0,0,0,0,0,0,0,0,0,0,0,0,0,0,0
colorofnight.txt,Mystery/colorofnight.txt,0,0,0,0,0,0,0,0,0,0,0,0,0,0,1,1,0,0,0,1,0,0
commando.txt,Action/commando.txt,1,0,0,0,0,0,0,0,0,0,0,0,0,0,0,0,0,0,0,1,0,0
conanthebarbarian.txt,Action/conanthebarbarian.txt,1,1,0,0,0,0,0,0,1,0,0,0,0,0,0,0,0,0,0,0,0,0
confessionsofadangerousmind.txt,Crime/confessionsofadangerousmind.txt,0,0,0,0,0,1,1,0,0,0,0,0,0,0,0,0,0,0,0,0,0,0
confidence.txt,Crime/confidence.txt,0,0,0,0,0,1,1,0,0,0,0,0,0,0,0,0,0,0,0,0,0,0
constantine.txt,Action/constantine.txt,1,0,0,0,0,0,1,0,1,0,0,1,0,0,0,0,0,0,0,1,0,0
coolerthe.txt,Comedy/coolerthe.txt,0,0,0,0,1,0,1,0,0,0,0,0,0,0,0,1,0,0,0,0,0,0
copycat.txt,Crime/copycat.txt,0,0,0,0,0,1,0,0,0,0,0,1,0,0,1,0,0,0,0,1,0,0
coraline.txt,Adventure/coraline.txt,0,1,1,0,0,0,0,1,1,0,0,0,0,0,0,0,0,0,0,0,0,0
coriolanus.txt,Drama/coriolanus.txt,0,0,0,0,0,0,1,0,0,0,0,0,0,0,0,0,0,0,0,1,1,0
cowboysaliens.txt,Action/cowboysaliens.txt,1,0,0,0,0,0,0,0,0,0,0,0,0,0,0,0,1,0,0,1,0,0
cradle2thegrave.txt,Action/cradle2thegrave.txt,1,0,0,0,1,1,1,0,0,0,0,0,0,0,0,0,0,0,0,1,0,0
crank.txt,Action/crank.txt,1,0,0,0,0,1,1,0,0,0,0,0,0,0,0,0,0,0,0,1,0,0
crash.txt,Drama/crash.txt,0,0,0,0,0,0,1,0,0,0,0,0,0,0,0,1,0,0,0,1,0,0
crazylove.txt,Drama/crazylove.txt,0,0,0,0,0,0,1,0,0,0,0,0,0,0,0,1,0,0,0,0,0,0
crazystupidlove.txt,Comedy/crazystupidlove.txt,0,0,0,0,1,0,1,0,0,0,0,0,0,0,0,1,0,0,0,0,0,0
creation.txt,Drama/creation.txt,0,0,0,0,0,0,1,0,0,0,0,0,0,0,0,0,0,0,0,0,0,0
crimespree.txt,Comedy/crimespree.txt,0,0,0,0,1,1,0,0,0,0,0,0,0,0,0,0,0,0,0,0,0,0
croodsthe.txt,Adventure/croodsthe.txt,0,1,1,0,1,0,0,0,0,0,0,0,0,0,0,0,0,0,0,0,0,0
crouchingtigerhiddendragon.txt,Action/crouchingtigerhiddendragon.txt,1,1,0,0,0,0,1,0,1,0,0,0,0,0,0,1,0,0,0,0,0,0
croupier.txt,Crime/croupier.txt,0,0,0,0,0,1,1,0,0,0,0,0,0,0,0,0,0,0,0,0,0,0
crowcityofangelsthe.txt,Action/crowcityofangelsthe.txt,1,0,0,0,0,1,0,0,1,0,0,0,0,0,0,0,0,0,0,1,0,0
crowsalvationthe.txt,Action/crowsalvationthe.txt,1,0,0,0,0,1,1,0,0,0,0,1,0,0,0,0,0,0,0,1,0,0
crowthe.txt,Action/crowthe.txt,1,0,0,0,0,0,1,0,1,0,0,1,0,0,0,1,0,0,0,1,0,0
cruelintentions.txt,Drama/cruelintentions.txt,0,0,0,0,0,0,1,0,0,0,0,0,0,0,0,1,0,0,0,0,0,0
cryinggame.txt,Action/cryinggame.txt,1,0,0,0,0,0,1,0,0,0,0,0,0,0,0,1,0,0,0,0,0,0
cube.txt,Horror/cube.txt,0,0,0,0,0,0,0,0,0,0,0,1,0,0,1,0,1,0,0,1,0,0
curiouscaseofbenjaminbuttonthe.txt,Drama/curiouscaseofbenjaminbuttonthe.txt,0,0,0,0,0,0,1,0,1,0,0,0,0,0,1,1,0,0,0,0,0,0
custody.txt,Comedy/custody.txt,0,0,0,0,1,0,0,0,0,0,0,0,0,0,0,0,0,0,0,0,0,0
damnedunitedthe.txt,Drama/damnedunitedthe.txt,0,0,0,0,0,0,1,0,0,0,0,0,0,0,0,0,0,0,0,0,0,0
danceswithwolves.txt,Adventure/danceswithwolves.txt,0,1,0,0,0,0,1,0,0,0,0,0,0,0,0,0,0,0,0,0,0,1
darkcity.txt,Mystery/darkcity.txt,0,0,0,0,0,0,0,0,0,0,0,0,0,0,1,0,1,0,0,1,0,0
darkknightrisesthe.txt,Action/darkknightrisesthe.txt,1,0,0,0,0,1,0,0,0,0,0,0,0,0,0,0,0,0,0,1,0,0
darkman.txt,Action/darkman.txt,1,0,0,0,0,1,0,0,0,0,0,0,0,0,0,0,1,0,0,1,0,0
darkstar.txt,Comedy/darkstar.txt,0,0,0,0,1,0,0,0,0,0,0,0,0,0,0,0,1,0,0,1,0,0
datenight.txt,Comedy/datenight.txt,0,0,0,0,1,1,0,0,0,0,0,0,0,0,0,1,0,0,0,0,0,0
davebarryscompleteguidetoguys.txt,Comedy/davebarryscompleteguidetoguys.txt,0,0,0,0,1,0,0,0,0,0,0,0,0,0,0,0,0,0,0,0,0,0
dawnofthedead.txt,Action/dawnofthedead.txt,1,0,0,0,0,0,1,0,0,0,0,1,0,0,0,0,0,0,0,0,0,0
dayofthedead.txt,Drama/dayofthedead.txt,0,0,0,0,0,0,1,0,0,0,0,1,0,0,0,0,1,0,0,1,0,0
daysofheaven.txt,Drama/daysofheaven.txt,0,0,0,0,0,0,1,0,0,0,0,0,0,0,0,0,0,0,0,0,0,0
daytheclowncriedthe.txt,Drama/daytheclowncriedthe.txt,0,0,0,0,0,0,1,0,0,0,0,0,0,0,0,0,0,0,0,0,0,0
daytheearthstoodstillthe.txt,Drama/daytheearthstoodstillthe.txt,0,0,0,0,0,0,1,0,0,0,0,0,0,0,0,0,1,0,0,1,0,0
deadpoetssociety.txt,Drama/deadpoetssociety.txt,0,0,0,0,0,0,1,0,0,0,0,0,0,0,0,0,0,0,0,0,0,0
deathatafuneral.txt,Comedy/deathatafuneral.txt,0,0,0,0,1,0,0,0,0,0,0,0,0,0,0,0,0,0,0,0,0,0
deathtosmoochy.txt,Comedy/deathtosmoochy.txt,0,0,0,0,1,1,0,0,0,0,0,0,0,0,0,0,0,0,0,0,0,0
debtthe.txt,Action/debtthe.txt,1,0,0,0,0,0,1,0,0,0,0,0,0,0,0,0,0,0,0,1,0,0
deception.txt,Crime/deception.txt,0,0,0,0,0,1,1,0,0,0,0,0,0,0,1,1,0,0,0,1,0,0
deepcover.txt,Action/deepcover.txt,1,0,0,0,0,1,0,0,0,0,0,0,0,0,0,0,0,0,0,1,0,0
deeprising.txt,Action/deeprising.txt,1,0,0,0,0,0,0,0,0,0,0,1,0,0,0,0,0,0,0,1,0,0
deerhunterthe.txt,Drama/deerhunterthe.txt,0,0,0,0,0,0,1,0,0,0,0,0,0,0,0,0,0,0,0,0,1,0
defiance.txt,Action/defiance.txt,1,0,0,0,0,0,1,0,0,0,0,0,0,0,0,0,0,0,0,1,1,0
departedthe.txt,Crime/departedthe.txt,0,0,0,0,0,1,1,0,0,0,0,0,0,0,0,0,0,0,0,1,0,0
descendantsthe.txt,Comedy/descendantsthe.txt,0,0,0,0,1,0,1,0,0,0,0,0,0,0,0,0,0,0,0,0,0,0
despicableme2.txt,Adventure/despicableme2.txt,0,1,1,0,1,0,0,0,0,0,0,0,0,0,0,0,0,0,0,0,0,0
detroitrockcity.txt,Adventure/detroitrockcity.txt,0,1,0,0,1,0,0,0,0,0,0,0,0,1,0,0,0,0,0,0,0,0
devilinabluedress.txt,Crime/devilinabluedress.txt,0,0,0,0,0,1,0,0,0,0,0,0,0,0,1,0,0,0,0,1,0,0
devilsadvocate.txt,Drama/devilsadvocate.txt,0,0,0,0,0,0,1,0,0,0,0,1,0,0,0,0,0,0,0,1,0,0
diehard.txt,Action/diehard.txt,1,0,0,0,0,0,0,0,0,0,0,0,0,0,0,0,0,0,0,1,0,0
diehard2.txt,Action/diehard2.txt,1,0,0,0,0,0,0,0,0,0,0,0,0,0,0,0,0,0,0,1,0,0
diner.txt,Comedy/diner.txt,0,0,0,0,1,0,1,0,0,0,0,0,0,0,0,0,0,0,0,0,0,0
distinguishedgentlemanthe.txt,Comedy/distinguishedgentlemanthe.txt,0,0,0,0,1,0,0,0,0,0,0,0,0,0,0,0,0,0,0,0,0,0
disturbia.txt,Thriller/disturbia.txt,0,0,0,0,0,0,0,0,0,0,0,0,0,0,0,0,0,0,0,1,0,0
djangounchained.txt,Adventure/djangounchained.txt,0,1,0,0,0,0,1,0,0,0,0,0,0,0,0,0,0,0,0,0,0,1
dogdayafternoon.txt,Comedy/dogdayafternoon.txt,0,0,0,0,1,0,1,0,0,0,0,0,0,0,0,0,0,0,0,1,0,0
dogma.txt,Adventure/dogma.txt,0,1,0,0,1,0,0,0,1,0,0,0,0,0,0,0,0,0,0,0,0,0
donniebrasco.txt,Crime/donniebrasco.txt,0,0,0,0,0,1,1,0,0,0,0,0,0,0,0,0,0,0,0,1,0,0
doorsthe.txt,Biography/doorsthe.txt,0,0,0,1,0,0,1,0,0,0,0,0,1,0,0,0,0,0,0,0,0,0
dotherightthing.txt,Comedy/dotherightthing.txt,0,0,0,0,1,0,1,0,0,0,0,0,0,0,0,0,0,0,0,0,0,0
doubleindemnity.txt,Crime/doubleindemnity.txt,0,0,0,0,0,1,1,0,0,1,0,0,0,0,0,0,0,0,0,0,0,0
dragmetohell.txt,Horror/dragmetohell.txt,0,0,0,0,0,0,0,0,0,0,0,1,0,0,0,0,0,0,0,1,0,0
dragonslayer.txt,Action/dragonslayer.txt,1,1,0,0,0,0,0,0,1,0,0,0,0,0,0,0,0,0,0,0,0,0
drive.txt,Action/drive.txt,1,0,0,0,0,1,1,0,0,0,0,0,0,0,0,0,0,0,0,0,0,0
driveangry.txt,Action/driveangry.txt,1,0,0,0,0,1,0,0,1,0,0,0,0,0,0,0,0,0,0,0,0,0
dropdeadgorgeous.txt,Comedy/dropdeadgorgeous.txt,0,0,0,0,1,0,0,0,0,0,0,0,0,0,0,0,0,0,0,0,0,0
drywhiteseasona.txt,Drama/drywhiteseasona.txt,0,0,0,0,0,0,1,0,0,0,0,0,0,0,0,0,0,0,0,1,0,0
ducksoup.txt,Comedy/ducksoup.txt,0,0,0,0,1,0,0,1,0,0,0,0,0,1,0,0,0,0,0,0,0,0
dumbanddumber.txt,Adventure/dumbanddumber.txt,0,1,0,0,1,0,0,0,0,0,0,0,0,0,0,0,0,0,0,0,0,0
dune.txt,Action/dune.txt,1,1,0,0,0,0,0,0,1,0,0,0,0,0,0,0,1,0,0,0,0,0
e.t..txt,Adventure/e.t..txt,0,1,0,0,0,0,0,1,1,0,0,0,0,0,0,0,1,0,0,0,0,0
eagleeye.txt,Action/eagleeye.txt,1,0,0,0,0,0,0,0,0,0,0,0,0,0,1,0,0,0,0,1,0,0
easternpromises.txt,Crime/easternpromises.txt,0,0,0,0,0,1,1,0,0,0,0,0,0,0,1,0,0,0,0,1,0,0
easya.txt,Comedy/easya.txt,0,0,0,0,1,0,0,0,0,0,0,0,0,0,0,1,0,0,0,0,0,0
edtv.txt,Comedy/edtv.txt,0,0,0,0,1,0,0,0,0,0,0,0,0,0,0,0,0,0,0,0,0,0
edwardscissorhands.txt,Drama/edwardscissorhands.txt,0,0,0,0,0,0,1,0,1,0,0,0,0,0,0,1,0,0,0,0,0,0
edwood.txt,Comedy/edwood.txt,0,0,0,0,1,0,1,0,0,0,0,0,0,0,0,0,0,0,0,0,0,0
eightleggedfreaks.txt,Action/eightleggedfreaks.txt,1,0,0,0,1,0,0,0,0,0,0,1,0,0,0,0,1,0,0,0,0,0
election.txt,Comedy/election.txt,0,0,0,0,1,0,0,0,0,0,0,0,0,0,0,0,0,0,0,0,0,0
elephantmanthe.txt,Drama/elephantmanthe.txt,0,0,0,0,0,0,1,0,0,0,0,0,0,0,0,0,0,0,0,0,0,0
elizabeththegoldenage.txt,Drama/elizabeththegoldenage.txt,0,0,0,0,0,0,1,0,0,0,0,0,0,0,0,0,0,0,0,0,0,0
enemyofthestate.txt,Action/enemyofthestate.txt,1,0,0,0,0,0,1,0,0,0,0,0,0,0,0,0,0,0,0,1,0,0
englishpatientthe.txt,Drama/englishpatientthe.txt,0,0,0,0,0,0,1,0,0,0,0,0,0,0,0,1,0,0,0,0,0,0
enough.txt,Drama/enough.txt,0,0,0,0,0,0,1,0,0,0,0,0,0,0,0,0,0,0,0,1,0,0
entrapment.txt,Action/entrapment.txt,1,0,0,0,1,1,0,0,0,0,0,0,0,0,0,0,0,0,0,1,0,0
eriktheviking.txt,Fantasy/eriktheviking.txt,0,0,0,0,0,0,0,0,1,0,0,0,0,0,0,0,0,0,0,0,0,0
erinbrockovich.txt,Comedy/erinbrockovich.txt,0,0,0,0,1,0,1,0,0,0,0,0,0,0,0,0,0,0,0,0,0,0
escapefroml.a..txt,Action/escapefroml.a..txt,1,1,0,0,0,0,0,0,0,0,0,0,0,0,0,0,1,0,0,1,0,0
escapefromnewyork.txt,Action/escapefromnewyork.txt,1,1,0,0,0,0,0,0,0,0,0,0,0,0,0,0,1,0,0,1,0,0
eternalsunshineofthespotlessmind.txt,Drama/eternalsunshineofthespotlessmind.txt,0,0,0,0,0,0,1,0,0,0,0,0,0,0,0,1,1,0,0,0,0,0
evencowgirlsgettheblues.txt,Comedy/evencowgirlsgettheblues.txt,0,0,0,0,1,0,1,0,0,0,0,0,0,0,0,1,0,0,0,0,0,0
eventhorizon.txt,Horror/eventhorizon.txt,0,0,0,0,0,0,0,0,0,0,0,1,0,0,0,0,1,0,0,1,0,0
evildead.txt,Comedy/evildead.txt,0,0,0,0,1,0,0,0,1,0,0,1,0,0,0,0,0,0,0,0,0,0
evildeadiideadbydawn.txt,Action/evildeadiideadbydawn.txt,1,0,0,0,1,0,0,0,1,0,0,1,0,0,0,0,0,0,0,0,0,0
excalibur.txt,Adventure/excalibur.txt,0,1,0,0,0,0,1,0,1,0,0,0,0,0,0,0,0,0,0,0,0,0
existenz.txt,Adventure/existenz.txt,0,1,0,0,0,0,0,0,0,0,0,0,0,0,0,0,1,0,0,1,0,0
extract.txt,Comedy/extract.txt,0,0,0,0,1,1,0,0,0,0,0,0,0,0,0,1,0,0,0,0,0,0
fabulousbakerboysthe.txt,Drama/fabulousbakerboysthe.txt,0,0,0,0,0,0,1,0,0,0,0,0,0,0,0,1,0,0,0,0,0,0
faceoff.txt,Action/faceoff.txt,1,0,0,0,0,1,1,0,0,0,0,0,0,0,0,0,0,0,0,1,0,0
fairgame.txt,Action/fairgame.txt,1,0,0,0,0,0,1,0,0,0,0,0,0,0,0,0,0,0,0,1,0,0
familymanthe.txt,Comedy/familymanthe.txt,0,0,0,0,1,0,0,0,0,0,0,0,0,0,0,1,0,0,0,0,0,0
fantasticfour.txt,Action/fantasticfour.txt,1,1,0,0,0,0,0,0,1,0,0,0,0,0,0,0,1,0,0,0,0,0
fantasticmrfox.txt,Adventure/fantasticmrfox.txt,0,1,1,0,1,0,0,1,0,0,0,0,0,0,0,0,0,0,0,0,0,0
fargo.txt,Comedy/fargo.txt,0,0,0,0,1,1,0,0,0,0,0,0,0,0,0,0,0,0,0,1,0,0
fasttimesatridgemonthigh.txt,Comedy/fasttimesatridgemonthigh.txt,0,0,0,0,1,0,1,0,0,0,0,0,0,0,0,0,0,0,0,0,0,0
fatalinstinct.txt,Comedy/fatalinstinct.txt,0,0,0,0,1,1,0,0,0,0,0,0,0,0,0,0,0,0,0,1,0,0
faultinourstarsthe.txt,Drama/faultinourstarsthe.txt,0,0,0,0,0,0,1,0,0,0,0,0,0,0,0,1,0,0,0,0,0,0
fearandloathinginlasvegas.txt,Comedy/fearandloathinginlasvegas.txt,0,0,0,0,1,0,1,0,0,0,0,0,0,0,0,0,0,0,0,0,0,0
feast.txt,Action/feast.txt,1,0,0,0,1,0,0,0,0,0,0,1,0,0,0,0,0,0,0,1,0,0
ferrisbuellersdayoff.txt,Comedy/ferrisbuellersdayoff.txt,0,0,0,0,1,0,0,0,0,0,0,0,0,0,0,0,0,0,0,0,0,0
fieldofdreams.txt,Drama/fieldofdreams.txt,0,0,0,0,0,0,1,1,1,0,0,0,0,0,0,0,0,0,0,0,0,0
fifthelementthe.txt,Action/fifthelementthe.txt,1,0,0,0,1,0,1,0,1,0,0,0,0,0,0,1,1,0,0,0,0,0
fightclub.txt,Action/fightclub.txt,1,0,0,0,0,0,1,0,0,0,0,0,0,0,0,0,0,0,0,1,0,0
fighterthe.txt,Drama/fighterthe.txt,0,0,0,0,0,0,1,0,0,0,0,0,0,0,0,0,0,0,0,0,0,0
finaldestination.txt,Horror/finaldestination.txt,0,0,0,0,0,0,0,0,0,0,0,1,0,0,0,0,0,0,0,1,0,0
finaldestination2.txt,Horror/finaldestination2.txt,0,0,0,0,0,0,0,0,0,0,0,1,0,0,0,0,0,0,0,1,0,0
findingnemo.txt,Adventure/findingnemo.txt,0,1,1,0,1,0,0,1,0,0,0,0,0,0,0,0,0,0,0,0,0,0
fiveeasypieces.txt,Drama/fiveeasypieces.txt,0,0,0,0,0,0,1,0,0,0,0,0,0,0,0,0,0,0,0,0,0,0
flashgordon.txt,Action/flashgordon.txt,1,1,0,0,0,0,0,0,1,0,0,0,0,0,0,0,0,0,0,0,0,0
flight.txt,Drama/flight.txt,0,0,0,0,0,0,1,0,0,0,0,0,0,0,0,0,0,0,0,0,0,0
flintstonesthe.txt,Comedy/flintstonesthe.txt,0,0,0,0,1,0,0,1,1,0,0,0,0,0,0,0,0,0,0,0,0,0
forrestgump.txt,Comedy/forrestgump.txt,0,0,0,0,1,0,1,0,0,0,0,0,0,0,0,0,0,0,0,0,0,0
fourfeathers.txt,Adventure/fourfeathers.txt,0,1,0,0,0,0,1,0,0,0,0,0,0,0,0,0,0,0,0,0,1,0
fourrooms.txt,Comedy/fourrooms.txt,0,0,0,0,1,0,1,0,0,0,0,0,0,0,0,0,0,0,0,0,0,0
fracture.txt,Crime/fracture.txt,0,0,0,0,0,1,1,0,0,0,0,0,0,0,0,0,0,0,0,1,0,0
frances.txt,Drama/frances.txt,0,0,0,0,0,0,1,0,0,0,0,0,0,0,0,0,0,0,0,0,0,0
frankenstein.txt,Drama/frankenstein.txt,0,0,0,0,0,0,1,0,1,0,0,1,0,0,0,1,1,0,0,0,0,0
freaked.txt,Comedy/freaked.txt,0,0,0,0,1,0,0,0,0,0,0,0,0,0,0,0,1,0,0,0,0,0
freddyvs.jason.txt,Action/freddyvs.jason.txt,1,0,0,0,0,0,0,0,1,0,0,1,0,0,0,0,0,0,0,1,0,0
frenchconnectionthe.txt,Action/frenchconnectionthe.txt,1,0,0,0,0,1,0,0,0,0,0,0,0,0,0,0,0,0,0,1,0,0
frequency.txt,Thriller/frequency.txt,0,0,0,0,0,0,0,0,0,0,0,0,0,0,0,0,0,0,0,1,0,0
fridaythe13th.txt,Horror/fridaythe13th.txt,0,0,0,0,0,0,0,0,0,0,0,1,0,0,1,0,0,0,0,1,0,0
fridaythe13thpartviiijasontakesmanhattan.txt,Horror/fridaythe13thpartviiijasontakesmanhattan.txt,0,0,0,0,0,0,0,0,0,0,0,1,0,0,0,0,0,0,0,0,0,0
frightnight.txt,Comedy/frightnight.txt,0,0,0,0,1,0,0,0,0,0,0,1,0,0,0,0,0,0,0,0,0,0
frightnight1985.txt,Comedy/frightnight1985.txt,0,0,0,0,1,0,0,0,0,0,0,1,0,0,0,0,0,0,0,1,0,0
fromdusktilldawn.txt,Action/fromdusktilldawn.txt,1,0,0,0,1,0,0,0,0,0,0,1,0,0,0,0,0,0,0,1,0,0
fromheretoeternity.txt,Drama/fromheretoeternity.txt,0,0,0,0,0,0,1,0,0,0,0,0,0,0,0,1,0,0,0,0,1,0
frozen.txt,Drama/frozen.txt,0,0,0,0,0,0,1,0,0,0,0,0,0,0,0,0,0,0,0,1,0,0
frozendisney.txt,Adventure/frozendisney.txt,0,1,1,0,1,0,0,0,0,0,0,0,0,0,0,0,0,0,0,0,0,0
frozenriver.txt,Crime/frozenriver.txt,0,0,0,0,0,1,1,0,0,0,0,0,0,0,0,0,0,0,0,0,0,0
fruitvalestation.txt,Drama/fruitvalestation.txt,0,0,0,0,0,0,1,0,0,0,0,0,0,0,0,0,0,0,0,0,0,0
fugitivethe.txt,Action/fugitivethe.txt,1,1,0,0,0,0,0,0,0,0,0,0,0,0,1,0,0,0,0,1,0,0
funnypeople.txt,Comedy/funnypeople.txt,0,0,0,0,1,0,1,0,0,0,0,0,0,0,0,0,0,0,0,0,0,0
g.i.jane.txt,Action/g.i.jane.txt,1,0,0,0,0,0,1,0,0,0,0,0,0,0,0,0,0,0,0,0,0,0
g.i.joetheriseofcobra.txt,Action/g.i.joetheriseofcobra.txt,1,1,0,0,0,0,0,0,0,0,0,0,0,0,0,0,1,0,0,1,0,0
game6.txt,Comedy/game6.txt,0,0,0,0,1,0,1,0,0,0,0,0,0,0,0,0,0,0,0,0,0,0
gamer.txt,Action/gamer.txt,1,0,0,0,0,0,0,0,0,0,0,0,0,0,0,0,1,0,0,1,0,0
gamethe.txt,Mystery/gamethe.txt,0,0,0,0,0,0,0,0,0,0,0,0,0,0,1,0,0,0,0,1,0,0
gandhi.txt,Drama/gandhi.txt,0,0,0,0,0,0,1,0,0,0,0,0,0,0,0,0,0,0,0,0,0,0
gangrelated.txt,Crime/gangrelated.txt,0,0,0,0,0,1,1,0,0,0,0,0,0,0,0,0,0,0,0,0,0,0
gangsofnewyork.txt,Crime/gangsofnewyork.txt,0,0,0,0,0,1,1,0,0,0,0,0,0,0,0,0,0,0,0,0,0,0
gardenstate.txt,Comedy/gardenstate.txt,0,0,0,0,1,0,1,0,0,0,0,0,0,0,0,1,0,0,0,0,0,0
gattaca.txt,Drama/gattaca.txt,0,0,0,0,0,0,1,0,0,0,0,0,0,0,0,0,1,0,0,1,0,0
getawaythe.txt,Action/getawaythe.txt,1,0,0,0,0,1,1,0,0,0,0,0,0,0,0,0,0,0,0,1,0,0
getcarter.txt,Action/getcarter.txt,1,0,0,0,0,1,1,0,0,0,0,0,0,0,0,0,0,0,0,1,0,0
getlow.txt,Drama/getlow.txt,0,0,0,0,0,0,1,0,0,0,0,0,0,0,1,0,0,0,0,0,0,0
ghost.txt,Drama/ghost.txt,0,0,0,0,0,0,1,0,1,0,0,0,0,0,0,1,0,0,0,1,0,0
ghostandthedarknessthe.txt,Action/ghostandthedarknessthe.txt,1,1,0,0,0,0,1,0,0,0,0,0,0,0,0,0,0,0,0,1,0,0
ghostbusters.txt,Comedy/ghostbusters.txt,0,0,0,0,1,0,0,0,1,0,0,0,0,0,0,0,1,0,0,0,0,0
ghostbusters2.txt,Action/ghostbusters2.txt,1,1,0,0,1,0,0,0,0,0,0,0,0,0,0,0,1,0,0,0,0,0
ghostrider.txt,Action/ghostrider.txt,1,0,0,0,0,0,0,0,1,0,0,0,0,0,0,0,0,0,0,1,0,0
ghostship.txt,Action/ghostship.txt,1,1,0,0,0,0,0,0,0,0,0,1,0,0,0,0,1,0,0,1,0,0
ghostworld.txt,Comedy/ghostworld.txt,0,0,0,0,1,0,1,0,0,0,0,0,0,0,0,0,0,0,0,0,0,0
gingersnaps.txt,Drama/gingersnaps.txt,0,0,0,0,0,0,1,0,0,0,0,1,0,0,0,0,0,0,0,1,0,0
girlwiththedragontattoothe.txt,Crime/girlwiththedragontattoothe.txt,0,0,0,0,0,1,1,0,0,0,0,0,0,0,1,0,0,0,0,0,0,0
gladiator.txt,Action/gladiator.txt,1,0,0,0,0,0,1,0,0,0,0,0,0,0,0,0,0,0,0,0,0,0
glengarryglengross.txt,Drama/glengarryglengross.txt,0,0,0,0,0,0,1,0,0,0,0,0,0,0,0,0,0,0,0,0,0,0
go.txt,Comedy/go.txt,0,0,0,0,1,1,0,0,0,0,0,0,0,0,0,0,0,0,0,0,0,0
godfather.txt,Crime/godfather.txt,0,0,0,0,0,1,1,0,0,0,0,0,0,0,0,0,0,0,0,0,0,0
godfatherpartii.txt,Crime/godfatherpartii.txt,0,0,0,0,0,1,1,0,0,0,0,0,0,0,0,0,0,0,0,0,0,0
godfatherpartiiithe.txt,Crime/godfatherpartiiithe.txt,0,0,0,0,0,1,1,0,0,0,0,0,0,0,1,0,0,0,0,0,0,0
godsandmonsters.txt,Drama/godsandmonsters.txt,0,0,0,0,0,0,1,0,0,0,0,0,0,0,0,0,0,0,0,0,0,0
godzilla.txt,Action/godzilla.txt,1,0,0,0,0,0,0,0,0,0,0,0,0,0,0,0,1,0,0,1,0,0
gonein60seconds.txt,Action/gonein60seconds.txt,1,0,0,0,0,1,0,0,0,0,0,0,0,0,0,0,0,0,0,0,0,0
goodgirlthe.txt,Comedy/goodgirlthe.txt,0,0,0,0,1,0,1,0,0,0,0,0,0,0,0,0,0,0,0,0,0,0
goodwillhunting.txt,Comedy/goodwillhunting.txt,0,0,0,0,1,0,1,0,0,0,0,0,0,0,0,0,0,0,0,0,0,0
gothika.txt,Horror/gothika.txt,0,0,0,0,0,0,0,0,0,0,0,1,0,0,1,0,0,0,0,1,0,0
graduatethe.txt,Comedy/graduatethe.txt,0,0,0,0,1,0,1,0,0,0,0,0,0,0,0,1,0,0,0,0,0,0
grandhotel.txt,Drama/grandhotel.txt,0,0,0,0,0,0,1,0,0,0,0,0,0,0,0,1,0,0,0,0,0,0
grandtheftparsons.txt,Comedy/grandtheftparsons.txt,0,0,0,0,1,0,1,0,0,0,0,0,0,0,0,0,0,0,0,0,0,0
grantorino.txt,Crime/grantorino.txt,0,0,0,0,0,1,1,0,0,0,0,0,0,0,0,0,0,0,0,0,0,0
grapesofwraththe.txt,Drama/grapesofwraththe.txt,0,0,0,0,0,0,1,0,0,0,0,0,0,0,0,0,0,0,0,0,0,0
gravity.txt,Sci-Fi/gravity.txt,0,0,0,0,0,0,0,0,0,0,0,0,0,0,0,0,1,0,0,1,0,0
greenmilethe.txt,Drama/greenmilethe.txt,0,0,0,0,0,0,1,0,1,0,0,0,0,0,0,0,0,0,0,0,0,0
gremlins.txt,Comedy/gremlins.txt,0,0,0,0,1,0,0,0,1,0,0,1,0,0,0,0,0,0,0,0,0,0
gremlins2.txt,Comedy/gremlins2.txt,0,0,0,0,1,0,0,0,1,0,0,1,0,0,0,0,1,0,0,0,0,0
griftersthe.txt,Crime/griftersthe.txt,0,0,0,0,0,1,1,0,0,0,0,0,0,0,0,0,0,0,0,0,0,0
grossepointblank.txt,Comedy/grossepointblank.txt,0,0,0,0,1,1,0,0,0,0,0,0,0,0,0,1,0,0,0,1,0,0
groundhogday.txt,Comedy/groundhogday.txt,0,0,0,0,1,0,0,0,1,0,0,0,0,0,0,1,0,0,0,0,0,0
grudgethe.txt,Horror/grudgethe.txt,0,0,0,0,0,0,0,0,0,0,0,1,0,0,1,0,0,0,0,1,0,0
hackers.txt,Action/hackers.txt,1,0,0,0,0,1,1,0,0,0,0,0,0,0,0,0,0,0,0,1,0,0
halloweenthecurseofmichaelmyers.txt,Horror/halloweenthecurseofmichaelmyers.txt,0,0,0,0,0,0,0,0,0,0,0,1,0,0,0,0,0,0,0,1,0,0
hallpass.txt,Comedy/hallpass.txt,0,0,0,0,1,0,0,0,0,0,0,0,0,0,0,1,0,0,0,0,0,0
hancock.txt,Action/hancock.txt,1,0,0,0,1,1,1,0,1,0,0,0,0,0,0,0,0,0,0,1,0,0
hangoverthe.txt,Comedy/hangoverthe.txt,0,0,0,0,1,1,0,0,0,0,0,0,0,0,1,0,0,0,0,1,0,0
hanna.txt,Action/hanna.txt,1,0,0,0,0,1,0,0,0,0,0,0,0,0,1,0,0,0,0,0,0,0
hannahandhersisters.txt,Comedy/hannahandhersisters.txt,0,0,0,0,1,0,1,0,0,0,0,0,0,0,0,1,0,0,0,0,0,0
hannibal.txt,Horror/hannibal.txt,0,0,0,0,0,0,0,0,0,0,0,1,0,0,0,0,0,0,0,1,0,0
happybirthdaywandajune.txt,Comedy/happybirthdaywandajune.txt,0,0,0,0,1,0,0,0,0,0,0,0,0,0,0,0,0,0,0,0,0,0
happyfeet.txt,Animation/happyfeet.txt,0,0,1,0,1,0,0,1,0,0,0,0,0,0,0,0,0,0,0,0,0,0
hardrain.txt,Action/hardrain.txt,1,0,0,0,0,1,1,0,0,0,0,0,0,0,0,0,0,0,0,1,0,0
hardtokill.txt,Action/hardtokill.txt,1,0,0,0,0,0,0,0,0,0,0,0,0,0,0,1,0,0,0,0,0,0
haroldandkumargotowhitecastle.txt,Adventure/haroldandkumargotowhitecastle.txt,0,1,0,0,1,0,0,0,0,0,0,0,0,0,0,0,0,0,0,0,0,0
hauntingthe.txt,Horror/hauntingthe.txt,0,0,0,0,0,0,0,0,0,0,0,1,0,0,1,0,0,0,0,1,0,0
heat.txt,Action/heat.txt,1,0,0,0,0,1,1,0,0,0,0,0,0,0,0,0,0,0,0,1,0,0
heathers.txt,Comedy/heathers.txt,0,0,0,0,1,0,0,0,0,0,0,0,0,0,0,0,0,0,0,0,0,0
heavenlycreatures.txt,Crime/heavenlycreatures.txt,0,0,0,0,0,1,1,0,1,0,0,1,0,0,0,1,0,0,0,1,0,0
heavymetal.txt,Action/heavymetal.txt,1,1,1,0,0,0,0,0,1,0,0,1,0,0,0,0,1,0,0,0,0,0
hebrewhammerthe.txt,Comedy/hebrewhammerthe.txt,0,0,0,0,1,0,0,0,0,0,0,0,0,0,0,0,0,0,0,0,0,0
heist.txt,Crime/heist.txt,0,0,0,0,0,1,1,0,0,0,0,0,0,0,0,0,0,0,0,1,0,0
hellboundhellraiserii.txt,Horror/hellboundhellraiserii.txt,0,0,0,0,0,0,0,0,0,0,0,1,0,0,0,0,0,0,0,1,0,0
hellboy.txt,Action/hellboy.txt,1,1,0,0,0,0,0,0,0,0,0,1,0,0,0,0,1,0,0,0,0,0
hellboy2thegoldenarmy.txt,Action/hellboy2thegoldenarmy.txt,1,1,0,0,0,0,0,0,1,0,0,0,0,0,0,0,0,0,0,0,0,0
hellraiser.txt,Horror/hellraiser.txt,0,0,0,0,0,0,0,0,0,0,0,1,0,0,0,0,0,0,0,0,0,0
hellraiser3hellonearth.txt,Fantasy/hellraiser3hellonearth.txt,0,0,0,0,0,0,0,0,1,0,0,1,0,0,0,0,0,0,0,0,0,0
hellraiserdeader.txt,Horror/hellraiserdeader.txt,0,0,0,0,0,0,0,0,0,0,0,1,0,0,1,0,0,0,0,1,0,0
hellraiserhellseeker.txt,Horror/hellraiserhellseeker.txt,0,0,0,0,0,0,0,0,0,0,0,1,0,0,0,0,0,0,0,0,0,0
helpthe.txt,Drama/helpthe.txt,0,0,0,0,0,0,1,0,0,0,0,0,0,0,0,0,0,0,0,0,0,0
henryfool.txt,Comedy/henryfool.txt,0,0,0,0,1,0,1,0,0,0,0,0,0,0,0,0,0,0,0,0,0,0
henryscrime.txt,Crime/henryscrime.txt,0,0,0,0,0,1,1,0,0,0,0,0,0,0,0,0,0,0,0,0,0,0
hesher.txt,Drama/hesher.txt,0,0,0,0,0,0,1,0,0,0,0,0,0,0,0,0,0,0,0,0,0,0
hesjustnotthatintoyou.txt,Comedy/hesjustnotthatintoyou.txt,0,0,0,0,1,0,1,0,0,0,0,0,0,0,0,1,0,0,0,0,0,0
highfidelity.txt,Comedy/highfidelity.txt,0,0,0,0,1,0,1,0,0,0,0,0,1,0,0,1,0,0,0,0,0,0
highlander.txt,Action/highlander.txt,1,0,0,0,0,0,0,0,1,0,0,0,0,0,0,0,0,0,0,0,0,0
highlanderendgame.txt,Action/highlanderendgame.txt,1,1,0,0,0,0,0,0,1,0,0,0,0,0,0,0,1,0,0,0,0,0
hillshaveeyesthe.txt,Horror/hillshaveeyesthe.txt,0,0,0,0,0,0,0,0,0,0,0,1,0,0,0,0,0,0,0,1,0,0
hisgirlfriday.txt,Comedy/hisgirlfriday.txt,0,0,0,0,1,0,1,0,0,0,0,0,0,0,0,1,0,0,0,0,0,0
hitchcock.txt,Drama/hitchcock.txt,0,0,0,0,0,0,1,0,0,0,0,0,0,0,0,0,0,0,0,0,0,0
hitchhikersguidetothegalaxythe.txt,Adventure/hitchhikersguidetothegalaxythe.txt,0,1,0,0,1,0,0,0,0,0,0,0,0,0,0,0,1,0,0,0,0,0
hollowman.txt,Horror/hollowman.txt,0,0,0,0,0,0,0,0,0,0,0,1,0,0,0,0,1,0,0,1,0,0
honeydripper.txt,Drama/honeydripper.txt,0,0,0,0,0,0,1,0,0,0,0,0,0,1,0,0,0,0,0,0,0,0
horriblebosses.txt,Comedy/horriblebosses.txt,0,0,0,0,1,1,0,0,0,0,0,0,0,0,0,0,0,0,0,0,0,0
horsewhispererthe.txt,Drama/horsewhispererthe.txt,0,0,0,0,0,0,1,0,0,0,0,0,0,0,0,1,0,0,0,0,0,0
hospitalthe.txt,Comedy/hospitalthe.txt,0,0,0,0,1,0,1,0,0,0,0,0,0,0,0,0,0,0,0,0,0,0
hostage.txt,Action/hostage.txt,1,0,0,0,0,1,1,0,0,0,0,0,0,0,0,0,0,0,0,1,0,0
hotelrwanda.txt,Drama/hotelrwanda.txt,0,0,0,0,0,0,1,0,0,0,0,0,0,0,0,0,0,0,0,1,1,0
hottubtimemachine.txt,Comedy/hottubtimemachine.txt,0,0,0,0,1,0,0,0,0,0,0,0,0,0,0,0,1,0,0,0,0,0
houseof1000corpses.txt,Horror/houseof1000corpses.txt,0,0,0,0,0,0,0,0,0,0,0,1,0,0,0,0,0,0,0,0,0,0
howtolosefriendsalienatepeople.txt,Comedy/howtolosefriendsalienatepeople.txt,0,0,0,0,1,0,0,0,0,0,0,0,0,0,0,1,0,0,0,0,0,0
howtotrainyourdragon.txt,Adventure/howtotrainyourdragon.txt,0,1,1,0,1,0,0,0,0,0,0,0,0,0,0,0,0,0,0,0,0,0
howtotrainyourdragon2.txt,Action/howtotrainyourdragon2.txt,1,1,1,0,0,0,0,0,0,0,0,0,0,0,0,0,0,0,0,0,0,0
hudsonhawk.txt,Action/hudsonhawk.txt,1,1,0,0,1,1,0,0,0,0,0,0,0,0,0,0,0,0,0,0,0,0
hudsuckerproxythe.txt,Comedy/hudsuckerproxythe.txt,0,0,0,0,1,0,0,0,1,0,0,0,0,0,0,1,0,0,0,0,0,0
humannature.txt,Comedy/humannature.txt,0,0,0,0,1,0,0,0,0,0,0,0,0,0,0,0,0,0,0,0,0,0
huntforredoctoberthe.txt,Action/huntforredoctoberthe.txt,1,1,0,0,0,0,0,0,0,0,0,0,0,0,0,0,0,0,0,1,0,0
iamnumberfour.txt,Action/iamnumberfour.txt,1,0,0,0,0,0,0,0,0,0,0,0,0,0,0,0,1,0,0,1,0,0
iamsam.txt,Drama/iamsam.txt,0,0,0,0,0,0,1,0,0,0,0,0,0,0,0,0,0,0,0,0,0,0
icestormthe.txt,Drama/icestormthe.txt,0,0,0,0,0,0,1,0,0,0,0,0,0,0,0,0,0,0,0,0,0,0
idesofmarchthe.txt,Drama/idesofmarchthe.txt,0,0,0,0,0,0,1,0,0,0,0,0,0,0,0,0,0,0,0,0,0,0
illdoanything.txt,Comedy/illdoanything.txt,0,0,0,0,1,0,1,0,0,0,0,0,0,0,0,0,0,0,0,0,0,0
iloveyouphillipmorris.txt,Comedy/iloveyouphillipmorris.txt,0,0,0,0,1,0,1,0,0,0,0,0,0,0,0,1,0,0,0,0,0,0
imaginariumofdoctorparnassusthe.txt,Adventure/imaginariumofdoctorparnassusthe.txt,0,1,0,0,0,0,0,0,1,0,0,0,0,0,1,0,0,0,0,0,0,0
inception.txt,Action/inception.txt,1,1,0,0,0,0,0,0,0,0,0,0,0,0,1,0,0,0,0,0,0,0
independenceday.txt,Action/independenceday.txt,1,0,0,0,0,0,0,0,0,0,0,0,0,0,0,0,1,0,0,0,0,0
indianajonesandthelastcrusade.txt,Action/indianajonesandthelastcrusade.txt,1,1,0,0,0,0,0,0,0,0,0,0,0,0,0,0,0,0,0,0,0,0
indianajonesandtheraidersofthelostark.txt,Action/indianajonesandtheraidersofthelostark.txt,1,1,0,0,0,0,0,0,0,0,0,0,0,0,0,0,0,0,0,0,0,0
indianajonesandthetempleofdoom.txt,Action/indianajonesandthetempleofdoom.txt,1,1,0,0,0,0,0,0,0,0,0,0,0,0,0,0,0,0,0,0,0,0
indianajonesiv.txt,Action/indianajonesiv.txt,1,1,0,0,0,0,0,0,0,0,0,0,0,0,0,0,0,0,0,0,0,0
informantthe.txt,Comedy/informantthe.txt,0,0,0,0,1,0,1,0,0,0,0,0,0,0,0,0,0,0,0,1,0,0
inglouriousbasterds.txt,Action/inglouriousbasterds.txt,1,1,0,0,0,0,0,0,0,0,0,0,0,0,0,0,0,0,0,0,1,0
insiderthe.txt,Drama/insiderthe.txt,0,0,0,0,0,0,1,0,0,0,0,0,0,0,0,0,0,0,0,1,0,0
insidious.txt,Horror/insidious.txt,0,0,0,0,0,0,0,0,0,0,0,1,0,0,0,0,0,0,0,1,0,0
insomnia.txt,Crime/insomnia.txt,0,0,0,0,0,1,1,0,0,0,0,0,0,0,0,0,0,0,0,1,0,0
interviewwiththevampire.txt,Drama/interviewwiththevampire.txt,0,0,0,0,0,0,1,0,0,0,0,1,0,0,0,0,0,0,0,0,0,0
inthebedroom.txt,Crime/inthebedroom.txt,0,0,0,0,0,1,1,0,0,0,0,0,0,0,0,0,0,0,0,0,0,0
intheloop.txt,Comedy/intheloop.txt,0,0,0,0,1,0,0,0,0,0,0,0,0,0,0,0,0,0,0,0,0,0
intolerablecruelty.txt,Comedy/intolerablecruelty.txt,0,0,0,0,1,1,0,0,0,0,0,0,0,0,0,1,0,0,0,0,0,0
intothewild.txt,Adventure/intothewild.txt,0,1,0,0,0,0,1,0,0,0,0,0,0,0,0,0,0,0,0,0,0,0
inventingtheabbotts.txt,Drama/inventingtheabbotts.txt,0,0,0,0,0,0,1,0,0,0,0,0,0,0,0,1,0,0,0,0,0,0
inventionoflyingthe.txt,Comedy/inventionoflyingthe.txt,0,0,0,0,1,0,0,0,0,0,0,0,0,0,0,0,0,0,0,0,0,0
invictus.txt,Drama/invictus.txt,0,0,0,0,0,0,1,0,0,0,0,0,0,0,0,0,0,0,0,0,0,0
irobot.txt,Action/irobot.txt,1,0,0,0,0,0,0,0,0,0,0,0,0,0,0,0,1,0,0,1,0,0
ironladythe.txt,Drama/ironladythe.txt,0,0,0,0,0,0,1,0,0,0,0,0,0,0,0,0,0,0,0,0,0,0
islandthe.txt,Action/islandthe.txt,1,0,0,0,0,0,1,0,0,0,0,0,0,0,0,0,1,0,0,1,0,0
istillknowwhatyoudidlastsummer.txt,Horror/istillknowwhatyoudidlastsummer.txt,0,0,0,0,0,0,0,0,0,0,0,1,0,0,1,0,0,0,0,1,0,0
italianjobthe.txt,Action/italianjobthe.txt,1,1,0,0,0,1,0,0,0,0,0,0,0,0,0,0,0,0,0,1,0,0
ithappenedonenight.txt,Comedy/ithappenedonenight.txt,0,0,0,0,1,0,0,0,0,0,0,0,0,0,0,1,0,0,0,0,0,0
itsawonderfullife.txt,Drama/itsawonderfullife.txt,0,0,0,0,0,0,1,1,1,0,0,0,0,0,0,1,0,0,0,0,0,0
itscomplicated.txt,Comedy/itscomplicated.txt,0,0,0,0,1,0,0,0,0,0,0,0,0,0,0,1,0,0,0,0,0,0
jacketthe.txt,Drama/jacketthe.txt,0,0,0,0,0,0,1,0,1,0,0,0,0,0,0,0,0,0,0,1,0,0
jackiebrown.txt,Comedy/jackiebrown.txt,0,0,0,0,1,1,0,0,0,0,0,0,0,0,0,0,0,0,0,0,0,0
jacobsladder.txt,Drama/jacobsladder.txt,0,0,0,0,0,0,1,0,0,0,0,0,0,0,0,0,0,0,0,1,0,0
janeeyre.txt,Drama/janeeyre.txt,0,0,0,0,0,0,1,0,0,0,0,0,0,0,0,1,0,0,0,0,0,0
jasonx.txt,Action/jasonx.txt,1,0,0,0,0,0,0,0,0,0,0,1,0,0,0,0,1,0,0,1,0,0
jaws.txt,Adventure/jaws.txt,0,1,0,0,0,0,0,0,0,0,0,1,0,0,0,0,0,0,0,1,0,0
jaws2.txt,Adventure/jaws2.txt,0,1,0,0,0,0,0,0,0,0,0,1,0,0,0,0,0,0,0,1,0,0
jayandsilentbobstrikeback.txt,Adventure/jayandsilentbobstrikeback.txt,0,1,0,0,1,0,0,0,0,0,0,0,0,0,0,0,0,0,0,0,0,0
jennifereight.txt,Mystery/jennifereight.txt,0,0,0,0,0,0,0,0,0,0,0,0,0,0,1,0,0,0,0,1,0,0
jennifersbody.txt,Comedy/jennifersbody.txt,0,0,0,0,1,0,0,0,0,0,0,1,0,0,0,0,0,0,0,1,0,0
jerrymaguire.txt,Comedy/jerrymaguire.txt,0,0,0,0,1,0,1,0,0,0,0,0,0,0,0,1,0,0,0,0,0,0
jfk.txt,Crime/jfk.txt,0,0,0,0,0,1,1,0,0,0,0,0,0,0,1,0,0,0,0,1,0,0
jimmyandjudy.txt,Action/jimmyandjudy.txt,1,0,0,0,0,0,0,0,0,0,0,0,0,0,0,0,0,0,0,0,0,0
johnq.txt,Crime/johnq.txt,0,0,0,0,0,1,1,0,0,0,0,0,0,0,0,0,0,0,0,1,0,0
judgedredd.txt,Action/judgedredd.txt,1,0,0,0,0,1,0,0,0,0,0,0,0,0,0,0,1,0,0,0,0,0
juno.txt,Comedy/juno.txt,0,0,0,0,1,0,1,0,0,0,0,0,0,0,0,1,0,0,0,0,0,0
jurassicpark.txt,Action/jurassicpark.txt,1,1,0,0,0,0,0,0,0,0,0,1,0,0,0,0,1,0,0,1,0,0
jurassicparkiii.txt,Action/jurassicparkiii.txt,1,1,0,0,0,0,0,0,0,0,0,1,0,0,0,0,1,0,0,1,0,0
jurassicparkthelostworld.txt,Action/jurassicparkthelostworld.txt,1,1,0,0,0,0,0,0,0,0,0,1,0,0,0,0,1,0,0,1,0,0
kafka.txt,Drama/kafka.txt,0,0,0,0,0,0,1,0,0,0,0,0,0,0,0,0,0,0,0,0,0,0
kalifornia.txt,Crime/kalifornia.txt,0,0,0,0,0,1,0,0,0,0,0,0,0,0,0,0,0,0,0,1,0,0
kateleopold.txt,Comedy/kateleopold.txt,0,0,0,0,1,0,0,0,1,0,0,0,0,0,0,1,0,0,0,0,0,0
kids.txt,Drama/kids.txt,0,0,0,0,0,0,1,0,0,0,0,0,0,0,0,0,0,0,0,0,0,0
kidsareallrightthe.txt,Comedy/kidsareallrightthe.txt,0,0,0,0,1,0,1,0,0,0,0,0,0,0,0,0,0,0,0,0,0,0
killbillvolume12.txt,Action/killbillvolume12.txt,1,0,0,0,1,1,1,0,0,0,0,0,0,0,0,0,0,0,0,1,0,0
killingzoe.txt,Crime/killingzoe.txt,0,0,0,0,0,1,1,0,0,0,0,0,0,0,0,0,0,0,0,1,0,0
kingdomthe.txt,Action/kingdomthe.txt,1,0,0,0,0,0,1,0,0,0,0,0,0,0,0,0,0,0,0,1,0,0
kingkong.txt,Action/kingkong.txt,1,1,0,0,0,0,1,0,0,0,0,0,0,0,1,0,0,0,0,1,0,0
kingofcomedythe.txt,Comedy/kingofcomedythe.txt,0,0,0,0,1,1,1,0,0,0,0,0,0,0,0,0,0,0,0,0,0,0
kingsspeechthe.txt,Drama/kingsspeechthe.txt,0,0,0,0,0,0,1,0,0,0,0,0,0,0,0,0,0,0,0,0,0,0
klute.txt,Crime/klute.txt,0,0,0,0,0,1,1,0,0,0,0,0,0,0,1,0,0,0,0,1,0,0
knockedup.txt,Comedy/knockedup.txt,0,0,0,0,1,0,1,0,0,0,0,0,0,0,0,1,0,0,0,0,0,0
kramervskramer.txt,Drama/kramervskramer.txt,0,0,0,0,0,0,1,0,0,0,0,0,0,0,0,0,0,0,0,0,0,0
kundun.txt,Drama/kundun.txt,0,0,0,0,0,0,1,0,0,0,0,0,0,0,0,0,0,0,0,0,0,0
kungfupanda.txt,Action/kungfupanda.txt,1,0,1,0,1,0,0,1,0,0,0,0,0,0,0,0,0,0,0,0,0,0
l.a.confidential.txt,Crime/l.a.confidential.txt,0,0,0,0,0,1,1,0,0,0,0,0,0,0,1,0,0,0,0,1,0,0
laboroflove.txt,Drama/laboroflove.txt,0,0,0,0,0,0,1,0,0,0,0,0,0,0,0,1,0,0,0,0,0,0
labyrinth.txt,Adventure/labyrinth.txt,0,1,0,0,0,0,0,1,1,0,0,0,0,1,0,0,0,0,0,0,0,0
ladykillersthe.txt,Comedy/ladykillersthe.txt,0,0,0,0,1,1,0,0,0,0,0,0,0,0,0,0,0,0,0,0,0,0
lakeplacid.txt,Action/lakeplacid.txt,1,0,0,0,1,0,0,0,0,0,0,1,0,0,0,0,0,0,0,1,0,0
landofthedead.txt,Action/landofthedead.txt,1,0,0,0,0,0,0,0,0,0,0,1,0,0,0,0,0,0,0,1,0,0
larrycrowne.txt,Comedy/larrycrowne.txt,0,0,0,0,1,0,1,0,0,0,0,0,0,0,0,1,0,0,0,0,0,0
lastboyscoutthe.txt,Action/lastboyscoutthe.txt,1,0,0,0,0,0,0,0,0,0,0,0,0,0,0,0,0,0,0,1,0,0
lastchanceharvey.txt,Drama/lastchanceharvey.txt,0,0,0,0,0,0,1,0,0,0,0,0,0,0,0,1,0,0,0,0,0,0
lastflightthe.txt,Drama/lastflightthe.txt,0,0,0,0,0,0,1,0,0,0,0,0,0,0,0,0,0,0,0,0,0,0
lastofthemohicansthe.txt,Adventure/lastofthemohicansthe.txt,0,1,0,0,0,0,0,0,0,0,0,0,0,0,0,1,0,0,0,0,1,0
lastsamuraithe.txt,Action/lastsamuraithe.txt,1,1,0,0,0,0,1,0,0,0,0,0,0,0,0,0,0,0,0,0,1,0
laststationthe.txt,Drama/laststationthe.txt,0,0,0,0,0,0,1,0,0,0,1,0,0,0,0,0,0,0,0,0,0,0
lasttangoinparis.txt,Drama/lasttangoinparis.txt,0,0,0,0,0,0,1,0,0,0,0,0,0,0,0,1,0,0,0,0,0,0
lawabidingcitizen.txt,Crime/lawabidingcitizen.txt,0,0,0,0,0,1,1,0,0,0,0,0,0,0,0,0,0,0,0,1,0,0
leavinglasvegas.txt,Drama/leavinglasvegas.txt,0,0,0,0,0,0,1,0,0,0,0,0,0,0,0,1,0,0,0,0,0,0
legallyblonde.txt,Comedy/legallyblonde.txt,0,0,0,0,1,0,0,0,0,0,0,0,0,0,0,0,0,0,0,0,0,0
legend.txt,Adventure/legend.txt,0,1,0,0,0,0,0,0,1,0,0,0,0,0,0,1,0,0,0,0,0,0
legion.txt,Action/legion.txt,1,0,0,0,0,0,0,0,1,0,0,1,0,0,0,0,0,0,0,1,0,0
lesmiserables.txt,Drama/lesmiserables.txt,0,0,0,0,0,0,1,0,0,0,0,0,0,1,0,1,0,0,0,0,0,0
leviathan.txt,Horror/leviathan.txt,0,0,0,0,0,0,0,0,0,0,0,1,0,0,0,0,1,0,0,1,0,0
liarliar.txt,Comedy/liarliar.txt,0,0,0,0,1,0,0,0,1,0,0,0,0,0,0,0,0,0,0,0,0,0
life.txt,Comedy/life.txt,0,0,0,0,1,0,1,0,0,0,0,0,0,0,0,0,0,0,0,0,0,0
lifeasahouse.txt,Comedy/lifeasahouse.txt,0,0,0,0,1,0,1,0,0,0,0,0,0,0,0,0,0,0,0,0,0,0
lifeofdavidgalethe.txt,Crime/lifeofdavidgalethe.txt,0,0,0,0,0,1,1,0,0,0,0,0,0,0,0,0,0,0,0,1,0,0
lifeofpi.txt,Adventure/lifeofpi.txt,0,1,0,0,0,0,1,0,0,0,0,0,0,0,0,0,0,0,0,0,0,0
lightsleeper.txt,Drama/lightsleeper.txt,0,0,0,0,0,0,1,0,0,0,0,0,0,0,0,0,0,0,0,0,0,0
limeythe.txt,Crime/limeythe.txt,0,0,0,0,0,1,1,0,0,0,0,0,0,0,0,0,0,0,0,0,0,0
limitless.txt,Mystery/limitless.txt,0,0,0,0,0,0,0,0,0,0,0,0,0,0,1,0,1,0,0,1,0,0
lincoln.txt,Drama/lincoln.txt,0,0,0,0,0,0,1,0,0,0,1,0,0,0,0,0,0,0,0,0,0,0
lincolnlawyerthe.txt,Crime/lincolnlawyerthe.txt,0,0,0,0,0,1,1,0,0,0,0,0,0,0,0,0,0,0,0,1,0,0
littleathens.txt,Comedy/littleathens.txt,0,0,0,0,1,0,1,0,0,0,0,0,0,0,0,0,0,0,0,0,0,0
littlemermaidthe.txt,Animation/littlemermaidthe.txt,0,0,1,0,1,0,0,1,1,0,0,0,0,1,0,1,0,0,0,0,0,0
littlenicky.txt,Comedy/littlenicky.txt,0,0,0,0,1,0,0,0,1,0,0,1,0,0,0,0,0,0,0,0,0,0
livinginoblivion.txt,Comedy/livinginoblivion.txt,0,0,0,0,1,0,1,0,0,0,0,0,0,0,0,0,0,0,0,0,0,0
lockstockandtwosmokingbarrels.txt,Comedy/lockstockandtwosmokingbarrels.txt,0,0,0,0,1,1,0,0,0,0,0,0,0,0,0,0,0,0,0,1,0,0
logansrun.txt,Action/logansrun.txt,1,1,0,0,0,0,0,0,0,0,0,0,0,0,0,0,1,0,0,0,0,0
lonestar.txt,Crime/lonestar.txt,0,0,0,0,0,1,1,0,0,0,0,0,0,0,1,0,0,0,0,0,0,0
longkissgoodnightthe.txt,Action/longkissgoodnightthe.txt,1,0,0,0,0,0,1,0,0,0,0,0,0,0,0,0,0,0,0,1,0,0
looper.txt,Action/looper.txt,1,0,0,0,0,1,0,0,0,0,0,0,0,0,0,0,1,0,0,0,0,0
lordofillusions.txt,Fantasy/lordofillusions.txt,0,0,0,0,0,0,0,0,1,0,0,1,0,0,0,0,0,0,0,1,0,0
lordoftheringsfellowshipoftheringthe.txt,Action/lordoftheringsfellowshipoftheringthe.txt,1,1,0,0,0,0,0,0,1,0,0,0,0,0,0,0,0,0,0,0,0,0
lordoftheringsreturnoftheking.txt,Action/lordoftheringsreturnoftheking.txt,1,1,0,0,0,0,0,0,1,0,0,0,0,0,0,0,0,0,0,0,0,0
lordoftheringsthetwotowers.txt,Action/lordoftheringsthetwotowers.txt,1,1,0,0,0,0,0,0,1,0,0,0,0,0,0,0,0,0,0,0,0,0
lordofwar.txt,Crime/lordofwar.txt,0,0,0,0,0,1,1,0,0,0,0,0,0,0,0,0,0,0,0,1,0,0
losersthe.txt,Action/losersthe.txt,1,1,0,0,0,1,0,0,0,0,0,0,0,0,1,0,0,0,0,1,0,0
losthighway.txt,Drama/losthighway.txt,0,0,0,0,0,0,1,0,0,0,0,1,0,0,1,0,0,0,0,1,0,0
losthorizon.txt,Adventure/losthorizon.txt,0,1,0,0,0,0,1,0,1,0,0,0,0,0,1,0,1,0,0,0,0,0
lostinspace.txt,Action/lostinspace.txt,1,1,0,0,0,0,0,0,0,0,0,0,0,0,0,0,1,0,0,0,0,0
lostintranslation.txt,Comedy/lostintranslation.txt,0,0,0,0,1,0,1,0,0,0,0,0,0,0,0,1,0,0,0,0,0,0
loveandbasketball.txt,Drama/loveandbasketball.txt,0,0,0,0,0,0,1,0,0,0,0,0,0,0,0,1,0,0,0,0,0,0
machete.txt,Action/machete.txt,1,0,0,0,0,0,0,0,0,0,0,0,0,0,0,0,0,0,0,1,0,0
machinegunpreacher.txt,Action/machinegunpreacher.txt,1,0,0,0,0,1,0,0,0,0,0,0,0,0,0,0,0,0,0,0,0,0
madmax2theroadwarrior.txt,Action/madmax2theroadwarrior.txt,1,1,0,0,0,0,0,0,0,0,0,0,0,0,0,0,1,0,0,0,0,0
magnolia.txt,Drama/magnolia.txt,0,0,0,0,0,0,1,0,0,0,0,0,0,0,0,0,0,0,0,0,0,0
majesticthethebijou.txt,Drama/majesticthethebijou.txt,0,0,0,0,0,0,1,0,0,0,0,0,0,0,0,1,0,0,0,0,0,0
majorleague.txt,Comedy/majorleague.txt,0,0,0,0,1,0,0,0,0,0,0,0,0,0,0,0,0,0,0,0,0,0
malcolmx.txt,Drama/malcolmx.txt,0,0,0,0,0,0,1,0,0,0,0,0,0,0,0,0,0,0,0,0,0,0
malibusmostwanted.txt,Comedy/malibusmostwanted.txt,0,0,0,0,1,0,0,0,0,0,0,0,0,0,0,0,0,0,0,0,0,0
manchuriancandidatethe.txt,Mystery/manchuriancandidatethe.txt,0,0,0,0,0,0,0,0,0,0,0,0,0,0,1,0,1,0,0,1,0,0
manhattanmurdermystery.txt,Comedy/manhattanmurdermystery.txt,0,0,0,0,1,1,0,0,0,0,0,0,0,0,1,0,0,0,0,0,0,0
manhunter.txt,Drama/manhunter.txt,0,0,0,0,0,0,1,0,0,0,0,1,0,0,0,0,0,0,0,1,0,0
manintheironmask.txt,Action/manintheironmask.txt,1,1,0,0,0,0,1,0,0,0,0,0,0,0,0,0,0,0,0,0,0,0
manonfire.txt,Action/manonfire.txt,1,0,0,0,0,1,1,0,0,0,0,0,0,0,0,0,0,0,0,1,0,0
manonthemoon.txt,Comedy/manonthemoon.txt,0,0,0,0,1,0,1,0,0,0,0,0,0,0,0,0,0,0,0,0,0,0
mantrouble.txt,Comedy/mantrouble.txt,0,0,0,0,1,0,0,0,0,0,0,0,0,0,0,1,0,0,0,0,0,0
manwhoknewtoomuchthe.txt,Adventure/manwhoknewtoomuchthe.txt,0,1,0,0,0,0,1,0,0,0,0,0,0,0,0,0,0,0,0,1,0,0
manwhowasnttherethe.txt,Comedy/manwhowasnttherethe.txt,0,0,0,0,1,1,1,0,0,0,0,0,0,0,0,0,0,0,0,0,0,0
margaret.txt,Drama/margaret.txt,0,0,0,0,0,0,1,0,0,0,0,0,0,0,0,0,0,0,0,0,0,0
margincall.txt,Drama/margincall.txt,0,0,0,0,0,0,1,0,0,0,0,0,0,0,0,0,0,0,0,1,0,0
margotatthewedding.txt,Comedy/margotatthewedding.txt,0,0,0,0,1,0,1,0,0,0,0,0,0,0,0,0,0,0,0,0,0,0
mariachiel.txt,Action/mariachiel.txt,1,0,0,0,0,1,0,0,0,0,0,0,0,0,0,0,0,0,0,1,0,1
marleyme.txt,Comedy/marleyme.txt,0,0,0,0,1,0,1,1,0,0,0,0,0,0,0,1,0,0,0,0,0,0
marthamarcymaymarlene.txt,Drama/marthamarcymaymarlene.txt,0,0,0,0,0,0,1,0,0,0,0,0,0,0,0,0,0,0,0,1,0,0
marty.txt,Drama/marty.txt,0,0,0,0,0,0,1,0,0,0,0,0,0,0,0,1,0,0,0,0,0,0
marypoppins.txt,Animation/marypoppins.txt,0,0,1,0,1,0,1,1,1,0,0,0,0,1,0,0,0,0,0,0,0,0
maskthe.txt,Action/maskthe.txt,1,0,0,0,1,1,1,0,1,0,0,0,0,0,0,1,0,0,0,0,0,0
masterandcommander.txt,Action/masterandcommander.txt,1,1,0,0,0,0,1,0,0,0,0,0,0,0,0,0,0,0,0,0,0,0
masterthe.txt,Drama/masterthe.txt,0,0,0,0,0,0,1,0,0,0,0,0,0,0,0,0,0,0,0,0,0,0
matrixreloadedthe.txt,Action/matrixreloadedthe.txt,1,0,0,0,0,0,0,0,0,0,0,0,0,0,0,0,1,0,0,1,0,0
matrixthe.txt,Action/matrixthe.txt,1,0,0,0,0,0,0,0,0,0,0,0,0,0,0,0,1,0,0,1,0,0
maxpayne.txt,Action/maxpayne.txt,1,0,0,0,0,1,1,0,0,0,0,0,0,0,0,0,0,0,0,1,0,0
meanstreets.txt,Crime/meanstreets.txt,0,0,0,0,0,1,1,0,0,0,0,0,0,0,0,0,0,0,0,0,0,0
mechanicthe.txt,Action/mechanicthe.txt,1,0,0,0,0,1,0,0,0,0,0,0,0,0,0,0,0,0,0,1,0,0
meetjoeblack.txt,Drama/meetjoeblack.txt,0,0,0,0,0,0,1,0,1,0,0,0,0,0,1,1,0,0,0,0,0,0
meetjohndoe.txt,Comedy/meetjohndoe.txt,0,0,0,0,1,0,1,0,0,0,0,0,0,0,0,0,0,0,0,0,0,0
megamind.txt,Action/megamind.txt,1,0,1,0,1,0,0,1,0,0,0,0,0,0,0,0,1,0,0,0,0,0
memento.txt,Drama/memento.txt,0,0,0,0,0,0,1,0,0,0,0,0,0,0,1,0,0,0,0,1,0,0
meninblack.txt,Action/meninblack.txt,1,0,0,0,1,0,0,0,0,0,0,0,0,0,0,0,1,0,0,0,0,0
meninblack3.txt,Action/meninblack3.txt,1,0,0,0,1,0,0,0,0,0,0,0,0,0,0,0,1,0,0,0,0,0
menwhostareatgoatsthe.txt,Comedy/menwhostareatgoatsthe.txt,0,0,0,0,1,0,0,0,0,0,0,0,0,0,0,0,0,0,0,0,1,0
metro.txt,Action/metro.txt,1,0,0,0,0,0,1,0,0,0,0,0,0,0,0,0,0,0,0,1,0,0
miamivice.txt,Action/miamivice.txt,1,0,0,0,0,1,1,0,0,0,0,0,0,0,0,0,0,0,0,1,0,0
midnightcowboy.txt,Drama/midnightcowboy.txt,0,0,0,0,0,0,1,0,0,0,0,0,0,0,0,0,0,0,0,0,0,0
midnightexpress.txt,Crime/midnightexpress.txt,0,0,0,0,0,1,1,0,0,0,0,0,0,0,0,0,0,0,0,1,0,0
midnightinparis.txt,Comedy/midnightinparis.txt,0,0,0,0,1,0,0,0,1,0,0,0,0,0,0,1,0,0,0,0,0,0
milk.txt,Drama/milk.txt,0,0,0,0,0,0,1,0,0,0,0,0,0,0,0,0,0,0,0,0,0,0
millerscrossing.txt,Crime/millerscrossing.txt,0,0,0,0,0,1,1,0,0,0,0,0,0,0,0,0,0,0,0,1,0,0
mimic.txt,Horror/mimic.txt,0,0,0,0,0,0,0,0,0,0,0,1,0,0,0,0,1,0,0,1,0,0
minisfirsttime.txt,Comedy/minisfirsttime.txt,0,0,0,0,1,1,1,0,0,0,0,0,0,0,0,0,0,0,0,0,0,0
minorityreport.txt,Action/minorityreport.txt,1,0,0,0,0,1,1,0,0,0,0,0,0,0,1,0,1,0,0,1,0,0
miracleworkerthe.txt,Drama/miracleworkerthe.txt,0,0,0,0,0,0,1,0,0,0,0,0,0,0,0,0,0,0,0,0,0,0
mirrors.txt,Horror/mirrors.txt,0,0,0,0,0,0,0,0,0,0,0,1,0,0,1,0,0,0,0,1,0,0
misery.txt,Drama/misery.txt,0,0,0,0,0,0,1,0,0,0,0,1,0,0,0,0,0,0,0,1,0,0
missionimpossible.txt,Action/missionimpossible.txt,1,1,0,0,0,0,0,0,0,0,0,0,0,0,0,0,0,0,0,1,0,0
missionimpossibleii.txt,Action/missionimpossibleii.txt,1,1,0,0,0,0,0,0,0,0,0,0,0,0,1,0,0,0,0,1,0,0
missiontomars.txt,Adventure/missiontomars.txt,0,1,0,0,0,0,1,0,0,0,0,0,0,0,0,0,1,0,0,1,0,0
moneyball.txt,Drama/moneyball.txt,0,0,0,0,0,0,1,0,0,0,0,0,0,0,0,0,0,0,0,0,0,0
monkeybone.txt,Animation/monkeybone.txt,0,0,1,0,1,0,0,0,1,0,0,0,0,0,0,0,0,0,0,0,0,0
montecarlo.txt,Adventure/montecarlo.txt,0,1,0,0,1,0,0,0,0,0,0,0,0,0,0,1,0,0,0,0,0,0
moon.txt,Drama/moon.txt,0,0,0,0,0,0,1,0,0,0,0,0,0,0,1,0,1,0,0,1,0,0
moonrisekingdom.txt,Comedy/moonrisekingdom.txt,0,0,0,0,1,0,1,0,0,0,0,0,0,0,0,1,0,0,0,0,0,0
moonstruck.txt,Comedy/moonstruck.txt,0,0,0,0,1,0,1,0,0,0,0,0,0,0,0,1,0,0,0,0,0,0
mrblandingsbuildshisdreamhouse.txt,Comedy/mrblandingsbuildshisdreamhouse.txt,0,0,0,0,1,0,0,0,0,0,0,0,0,0,0,0,0,0,0,0,0,0
mrbrooks.txt,Crime/mrbrooks.txt,0,0,0,0,0,1,1,0,0,0,0,0,0,0,0,0,0,0,0,1,0,0
mrdeedsgoestotown.txt,Comedy/mrdeedsgoestotown.txt,0,0,0,0,1,0,0,0,0,0,0,0,0,0,0,0,0,0,0,0,0,0
mrs.brown.txt,Drama/mrs.brown.txt,0,0,0,0,0,0,1,0,0,0,0,0,0,0,0,1,0,0,0,0,0,0
mud.txt,Drama/mud.txt,0,0,0,0,0,0,1,0,0,0,0,0,0,0,0,0,0,0,0,0,0,0
mulan.txt,Adventure/mulan.txt,0,1,1,0,1,0,0,1,0,0,0,0,0,1,0,0,0,0,0,0,0,0
mulhollanddrive.txt,Drama/mulhollanddrive.txt,0,0,0,0,0,0,1,0,0,0,0,1,0,0,1,1,0,0,0,1,0,0
mumford.txt,Comedy/mumford.txt,0,0,0,0,1,0,1,0,0,0,0,0,0,0,0,0,0,0,0,0,0,0
mummythe.txt,Action/mummythe.txt,1,1,0,0,0,0,0,0,1,0,0,1,0,0,0,0,0,0,0,0,0,0
musicoftheheart.txt,Drama/musicoftheheart.txt,0,0,0,0,0,0,1,0,0,0,0,0,0,0,0,0,0,0,0,0,0,0
mutewitness.txt,Horror/mutewitness.txt,0,0,0,0,0,0,0,0,0,0,0,1,0,0,0,0,0,0,0,1,0,0
mybestfriendswedding.txt,Comedy/mybestfriendswedding.txt,0,0,0,0,1,0,0,0,0,0,0,0,0,0,0,1,0,0,0,0,0,0
mygirl.txt,Comedy/mygirl.txt,0,0,0,0,1,0,1,1,0,0,0,0,0,0,0,1,0,0,0,0,0,0
mymotherdreamsthesatansdisciplesinnewyork.txt,Short/mymotherdreamsthesatansdisciplesinnewyork.txt,0,0,0,0,0,0,0,0,0,0,0,0,0,0,0,0,0,1,0,0,0,0
mysterymen.txt,Action/mysterymen.txt,1,0,0,0,1,0,0,0,1,0,0,0,0,0,0,0,0,0,0,0,0,0
myweekwithmarilyn.txt,Drama/myweekwithmarilyn.txt,0,0,0,0,0,0,1,0,0,0,0,0,0,0,0,0,0,0,0,0,0,0
nashville.txt,Drama/nashville.txt,0,0,0,0,0,0,1,0,0,0,0,0,0,1,0,0,0,0,0,0,0,0
naturalbornkillers.txt,Action/naturalbornkillers.txt,1,0,0,0,0,1,0,0,0,0,0,0,0,0,0,1,0,0,0,1,0,0
neverbeenkissed.txt,Comedy/neverbeenkissed.txt,0,0,0,0,1,0,0,0,0,0,0,0,0,0,0,1,0,0,0,0,0,0
newsies.txt,Family/newsies.txt,0,0,0,0,0,0,0,1,0,0,0,0,0,1,0,0,0,0,0,0,0,0
newyorkminute.txt,Action/newyorkminute.txt,1,1,0,0,1,0,0,1,0,0,0,0,0,0,0,0,0,0,0,0,0,0
next.txt,Action/next.txt,1,0,0,0,0,0,0,0,0,0,0,0,0,0,0,0,1,0,0,1,0,0
nextfriday.txt,Comedy/nextfriday.txt,0,0,0,0,1,0,0,0,0,0,0,0,0,0,0,0,0,0,0,0,0,0
nextthreedaysthe.txt,Crime/nextthreedaysthe.txt,0,0,0,0,0,1,1,0,0,0,0,0,0,0,0,1,0,0,0,1,0,0
nickoftime.txt,Crime/nickoftime.txt,0,0,0,0,0,1,1,0,0,0,0,0,0,0,0,0,0,0,0,1,0,0
nightbreed.txt,Action/nightbreed.txt,1,0,0,0,0,0,0,0,1,0,0,1,0,0,0,0,0,0,0,0,0,0
nightmarebeforechristmasthe.txt,Animation/nightmarebeforechristmasthe.txt,0,0,1,0,1,0,0,0,1,0,0,1,0,1,0,0,0,0,0,0,0,0
nightmareonelmstreeta.txt,Comedy/nightmareonelmstreeta.txt,0,0,0,0,1,0,0,0,0,0,0,1,0,0,1,0,0,0,0,0,0,0
nightmareonelmstreetthefinalchapter.txt,Comedy/nightmareonelmstreetthefinalchapter.txt,0,0,0,0,1,0,0,0,0,0,0,1,0,0,1,0,0,0,0,0,0,0
nighttimethepoltergeisttreatment.txt,Horror/nighttimethepoltergeisttreatment.txt,0,0,0,0,0,0,0,0,0,0,0,1,0,0,0,0,0,0,0,0,0,0
nine.txt,Drama/nine.txt,0,0,0,0,0,0,1,0,0,0,0,0,0,1,0,1,0,0,0,0,0,0
ninesthe.txt,Drama/ninesthe.txt,0,0,0,0,0,0,1,0,0,0,0,1,0,0,1,0,0,0,0,1,0,0
ninjaassassin.txt,Action/ninjaassassin.txt,1,0,0,0,0,1,1,0,0,0,0,0,0,0,0,0,0,0,0,1,0,0
ninotchka.txt,Comedy/ninotchka.txt,0,0,0,0,1,0,0,0,0,0,0,0,0,0,0,1,0,0,0,0,0,0
ninthgatethe.txt,Horror/ninthgatethe.txt,0,0,0,0,0,0,0,0,0,0,0,1,0,0,1,0,0,0,0,1,0,0
nostringsattached.txt,Comedy/nostringsattached.txt,0,0,0,0,1,0,0,0,0,0,0,0,0,0,0,1,0,0,0,0,0,0
nottinghill.txt,Comedy/nottinghill.txt,0,0,0,0,1,0,1,0,0,0,0,0,0,0,0,1,0,0,0,0,0,0
nursebetty.txt,Comedy/nursebetty.txt,0,0,0,0,1,0,0,0,0,0,0,0,0,0,0,0,0,0,0,1,0,0
oblivion.txt,Action/oblivion.txt,1,1,0,0,0,0,0,0,0,0,0,0,0,0,0,0,1,0,0,0,0,0
observeandreport.txt,Comedy/observeandreport.txt,0,0,0,0,1,1,1,0,0,0,0,0,0,0,0,0,0,0,0,0,0,0
obsessed.txt,Drama/obsessed.txt,0,0,0,0,0,0,1,0,0,0,0,0,0,0,0,0,0,0,0,1,0,0
oceanseleven.txt,Comedy/oceanseleven.txt,0,0,0,0,1,1,0,0,0,0,0,0,0,0,0,0,0,0,0,1,0,0
oceanstwelve.txt,Comedy/oceanstwelve.txt,0,0,0,0,1,1,0,0,0,0,0,0,0,0,0,0,0,0,0,1,0,0
officespace.txt,Comedy/officespace.txt,0,0,0,0,1,0,0,0,0,0,0,0,0,0,0,0,0,0,0,0,0,0
oneflewoverthecuckoosnest.txt,Drama/oneflewoverthecuckoosnest.txt,0,0,0,0,0,0,1,0,0,0,0,0,0,0,0,0,0,0,0,0,0,0
onlygodforgives.txt,Crime/onlygodforgives.txt,0,0,0,0,0,1,1,0,0,0,0,0,0,0,0,0,0,0,0,1,0,0
ordinarypeople.txt,Drama/ordinarypeople.txt,0,0,0,0,0,0,1,0,0,0,0,0,0,0,0,0,0,0,0,0,0,0
orgyofthedead.txt,Fantasy/orgyofthedead.txt,0,0,0,0,0,0,0,0,1,0,0,1,0,0,0,0,0,0,0,0,0,0
orphan.txt,Drama/orphan.txt,0,0,0,0,0,0,1,0,0,0,0,1,0,0,1,0,0,0,0,0,0,0
otherboleyngirlthe.txt,Drama/otherboleyngirlthe.txt,0,0,0,0,0,0,1,0,0,0,1,0,0,0,0,1,0,0,0,0,0,0
outofsight.txt,Comedy/outofsight.txt,0,0,0,0,1,1,1,0,0,0,0,0,0,0,0,1,0,0,0,1,0,0
pacifierthe.txt,Action/pacifierthe.txt,1,0,0,0,1,0,0,1,0,0,0,0,0,0,0,0,0,0,0,1,0,0
pandorum.txt,Action/pandorum.txt,1,0,0,0,0,0,0,0,0,0,0,1,0,0,0,0,1,0,0,0,0,0
panicroom.txt,Crime/panicroom.txt,0,0,0,0,0,1,1,0,0,0,0,0,0,0,0,0,0,0,0,1,0,0
papadopoulossons.txt,Comedy/papadopoulossons.txt,0,0,0,0,1,0,1,0,0,0,0,0,0,0,0,0,0,0,0,0,0,0
paranorman.txt,Adventure/paranorman.txt,0,1,1,0,1,0,0,0,0,0,0,0,0,0,0,0,0,0,0,0,0,0
pariah.txt,Drama/pariah.txt,0,0,0,0,0,0,1,0,0,0,0,0,0,0,0,0,0,0,0,0,0,0
passionofjoanofarcthe.txt,Drama/passionofjoanofarcthe.txt,0,0,0,0,0,0,1,0,0,0,0,0,0,0,0,0,0,0,0,0,0,0
patriotthe.txt,Action/patriotthe.txt,1,0,0,0,0,0,1,0,0,0,0,0,0,0,0,0,0,0,0,0,1,0
paul.txt,Adventure/paul.txt,0,1,0,0,1,0,0,0,0,0,0,0,0,0,0,0,1,0,0,0,0,0
pearlharbor.txt,Action/pearlharbor.txt,1,0,0,0,0,0,1,0,0,0,0,0,0,0,0,1,0,0,0,0,1,0
peepingtom.txt,Drama/peepingtom.txt,0,0,0,0,0,0,1,0,0,0,0,1,0,0,0,0,0,0,0,1,0,0
peggysuegotmarried.txt,Comedy/peggysuegotmarried.txt,0,0,0,0,1,0,0,0,0,0,0,0,0,0,0,0,0,0,0,0,0,0
perfectcreature.txt,Action/perfectcreature.txt,1,0,0,0,0,0,1,0,1,0,0,1,0,0,0,0,1,0,0,0,0,0
perfectworlda.txt,Action/perfectworlda.txt,1,0,0,0,0,1,1,0,0,0,0,0,0,0,0,0,0,0,0,0,0,0
perksofbeingawallflowerthe.txt,Drama/perksofbeingawallflowerthe.txt,0,0,0,0,0,0,1,0,0,0,0,0,0,0,0,1,0,0,0,0,0,0
petsematary.txt,Horror/petsematary.txt,0,0,0,0,0,0,0,0,0,0,0,1,0,0,0,0,0,0,0,0,0,0
petsemataryii.txt,Horror/petsemataryii.txt,0,0,0,0,0,0,0,0,0,0,0,1,0,0,0,0,0,0,0,0,0,0
petulia.txt,Drama/petulia.txt,0,0,0,0,0,0,1,0,0,0,0,0,0,0,0,0,0,0,0,0,0,0
philadelphia.txt,Drama/philadelphia.txt,0,0,0,0,0,0,1,0,0,0,0,0,0,0,0,0,0,0,0,0,0,0
phonebooth.txt,Thriller/phonebooth.txt,0,0,0,0,0,0,0,0,0,0,0,0,0,0,0,0,0,0,0,1,0,0
pi.txt,Sci-Fi/pi.txt,0,0,0,0,0,0,0,0,0,0,0,0,0,0,0,0,1,0,0,1,0,0
pianistthe.txt,Biography/pianistthe.txt,0,0,0,1,0,0,1,0,0,0,0,0,1,0,0,0,0,0,0,0,1,0
pianothe.txt,Drama/pianothe.txt,0,0,0,0,0,0,1,0,0,0,0,0,0,0,0,1,0,0,0,0,0,0
pineappleexpress.txt,Comedy/pineappleexpress.txt,0,0,0,0,1,1,0,0,0,0,0,0,0,0,0,0,0,0,0,1,0,0
piratesofthecaribbean.txt,Action/piratesofthecaribbean.txt,1,1,0,0,1,0,0,0,0,0,0,0,0,0,0,0,0,0,0,0,0,0
piratesofthecaribbeandeadmanschest.txt,Action/piratesofthecaribbeandeadmanschest.txt,1,1,0,0,1,0,0,0,1,0,0,0,0,0,0,0,0,0,0,0,0,0
pitchblack.txt,Horror/pitchblack.txt,0,0,0,0,0,0,0,0,0,0,0,1,0,0,0,0,1,0,0,1,0,0
planetoftheapesthe.txt,Action/planetoftheapesthe.txt,1,0,0,0,0,0,1,0,0,0,0,0,0,0,0,0,1,0,0,0,0,0
platinumblonde.txt,Comedy/platinumblonde.txt,0,0,0,0,1,0,0,0,0,0,0,0,0,0,0,1,0,0,0,0,0,0
platoon.txt,Action/platoon.txt,1,0,0,0,0,0,1,0,0,0,0,0,0,0,0,0,0,0,0,0,1,0
pleasantville.txt,Comedy/pleasantville.txt,0,0,0,0,1,0,1,0,1,0,0,0,0,0,0,0,0,0,0,0,0,0
pointbreak.txt,Action/pointbreak.txt,1,1,0,0,0,1,1,0,0,0,0,0,0,0,0,0,0,0,0,1,0,0
pokemonmewtworeturns.txt,Adventure/pokemonmewtworeturns.txt,0,1,1,0,0,0,0,1,1,0,0,0,0,0,0,0,0,0,0,0,0,0
postmanthe.txt,Action/postmanthe.txt,1,1,0,0,0,0,1,0,0,0,0,0,0,0,0,0,1,0,0,0,0,0
powerofonethe.txt,Drama/powerofonethe.txt,0,0,0,0,0,0,1,0,0,0,0,0,0,0,0,0,0,0,0,0,0,0
precious.txt,Drama/precious.txt,0,0,0,0,0,0,1,0,0,0,0,0,0,0,0,0,0,0,0,0,0,0
predator.txt,Action/predator.txt,1,0,0,0,0,0,0,0,0,0,0,1,0,0,0,0,1,0,0,1,0,0
prettywoman.txt,Comedy/prettywoman.txt,0,0,0,0,1,0,0,0,0,0,0,0,0,0,0,1,0,0,0,0,0,0
prettywomanfinalscript.txt,Comedy/prettywomanfinalscript.txt,0,0,0,0,1,0,0,0,0,0,0,0,0,0,0,1,0,0,0,0,0,0
prideandprejudice.txt,Drama/prideandprejudice.txt,0,0,0,0,0,0,1,0,0,0,0,0,0,0,0,1,0,0,0,0,0,0
priest.txt,Action/priest.txt,1,0,0,0,0,0,0,0,0,0,0,1,0,0,0,0,1,0,0,0,0,0
princessbridethe.txt,Adventure/princessbridethe.txt,0,1,0,0,1,0,0,1,1,0,0,0,0,0,0,1,0,0,0,0,0,0
privatelifeofsherlockholmesthe.txt,Comedy/privatelifeofsherlockholmesthe.txt,0,0,0,0,1,0,1,0,0,0,0,0,0,0,1,0,0,0,0,0,0,0
producerthe.txt,Comedy/producerthe.txt,0,0,0,0,1,0,0,0,0,0,0,0,0,1,0,0,0,0,0,0,0,0
programthe.txt,Action/programthe.txt,1,0,0,0,0,0,1,0,0,0,0,0,0,0,0,0,0,0,0,0,0,0
prometheus.txt,Adventure/prometheus.txt,0,1,0,0,0,0,0,0,0,0,0,0,0,0,1,0,1,0,0,0,0,0
promnight.txt,Horror/promnight.txt,0,0,0,0,0,0,0,0,0,0,0,1,0,0,1,0,0,0,0,1,0,0
prophecythe.txt,Fantasy/prophecythe.txt,0,0,0,0,0,0,0,0,1,0,0,1,0,0,1,0,0,0,0,1,0,0
proposalthe.txt,Comedy/proposalthe.txt,0,0,0,0,1,0,1,0,0,0,0,0,0,0,0,1,0,0,0,0,0,0
psycho.txt,Horror/psycho.txt,0,0,0,0,0,0,0,0,0,0,0,1,0,0,0,0,0,0,0,1,0,0
publicenemies.txt,Crime/publicenemies.txt,0,0,0,0,0,1,1,0,0,0,0,0,0,0,0,0,0,0,0,1,0,0
pulpfiction.txt,Action/pulpfiction.txt,1,0,0,0,0,1,1,0,0,0,0,0,0,0,0,0,0,0,0,1,0,0
punchdrunklove.txt,Comedy/punchdrunklove.txt,0,0,0,0,1,0,1,0,0,0,0,0,0,0,0,1,0,0,0,0,0,0
purplerain.txt,Drama/purplerain.txt,0,0,0,0,0,0,1,0,0,0,0,0,1,0,0,0,0,0,0,0,0,0
quantumproject.txt,Drama/quantumproject.txt,0,0,0,0,0,0,1,0,0,0,0,0,0,0,0,0,0,1,0,0,0,0
queenofthedamned.txt,Horror/queenofthedamned.txt,0,0,0,0,0,0,0,0,0,0,0,1,0,0,0,0,0,0,0,0,0,0
queenthe.txt,Drama/queenthe.txt,0,0,0,0,0,0,1,0,0,0,0,0,0,0,0,0,0,0,0,0,0,0
rachelgettingmarried.txt,Drama/rachelgettingmarried.txt,0,0,0,0,0,0,1,0,0,0,0,0,0,0,0,1,0,0,0,0,0,0
ragingbull.txt,Drama/ragingbull.txt,0,0,0,0,0,0,1,0,0,0,0,0,0,0,0,0,0,0,0,0,0,0
raisingarizona.txt,Comedy/raisingarizona.txt,0,0,0,0,1,0,0,0,0,0,0,0,0,0,0,0,0,0,0,0,0,0
ramblingrose.txt,Drama/ramblingrose.txt,0,0,0,0,0,0,1,0,0,0,0,0,0,0,0,0,0,0,0,0,0,0
rambofirstbloodiithemission.txt,Action/rambofirstbloodiithemission.txt,1,1,0,0,0,0,0,0,0,0,0,0,0,0,0,0,0,0,0,0,0,0
readerthe.txt,Drama/readerthe.txt,0,0,0,0,0,0,1,0,0,0,0,0,0,0,0,1,0,0,0,0,0,0
realgenius.txt,Comedy/realgenius.txt,0,0,0,0,1,0,0,0,0,0,0,0,0,0,0,0,0,0,0,0,0,0
rearwindow.txt,Mystery/rearwindow.txt,0,0,0,0,0,0,0,0,0,0,0,0,0,0,1,0,0,0,0,1,0,0
rebelwithoutacause.txt,Drama/rebelwithoutacause.txt,0,0,0,0,0,0,1,0,0,0,0,0,0,0,0,0,0,0,0,0,0,0
redplanet.txt,Action/redplanet.txt,1,0,0,0,0,0,0,0,0,0,0,0,0,0,0,0,1,0,0,1,0,0
redridinghood.txt,Fantasy/redridinghood.txt,0,0,0,0,0,0,0,0,1,0,0,1,0,0,1,0,0,0,0,0,0,0
reindeergames.txt,Action/reindeergames.txt,1,0,0,0,0,1,1,0,0,0,0,0,0,0,0,0,0,0,0,1,0,0
relicthe.txt,Horror/relicthe.txt,0,0,0,0,0,0,0,0,0,0,0,1,0,0,0,0,0,0,0,1,0,0
rememberme.txt,Drama/rememberme.txt,0,0,0,0,0,0,1,0,0,0,0,0,0,0,0,1,0,0,0,0,0,0
replacementsthe.txt,Comedy/replacementsthe.txt,0,0,0,0,1,0,0,0,0,0,0,0,0,0,0,0,0,0,0,0,0,0
repoman.txt,Comedy/repoman.txt,0,0,0,0,1,0,0,0,0,0,0,0,0,0,0,0,1,0,0,0,0,0
rescuersdownunderthe.txt,Adventure/rescuersdownunderthe.txt,0,1,1,0,0,0,0,1,0,0,0,0,0,0,0,0,0,0,0,0,0,0
reservoirdogs.txt,Action/reservoirdogs.txt,1,0,0,0,0,1,0,0,0,0,0,0,0,0,0,0,0,0,0,1,0,0
residentevil.txt,Action/residentevil.txt,1,0,0,0,0,0,0,0,0,0,0,1,0,0,0,0,1,0,0,1,0,0
returnoftheapes.txt,Action/returnoftheapes.txt,1,0,0,0,0,0,1,0,0,0,0,0,0,0,0,0,1,0,0,0,0,0
revolutionaryroad.txt,Drama/revolutionaryroad.txt,0,0,0,0,0,0,1,0,0,0,0,0,0,0,0,1,0,0,0,0,0,0
ringu.txt,Horror/ringu.txt,0,0,0,0,0,0,0,0,0,0,0,1,0,0,1,0,0,0,0,1,0,0
riseoftheguardians.txt,Adventure/riseoftheguardians.txt,0,1,1,0,0,0,0,1,0,0,0,0,0,0,0,0,0,0,0,0,0,0
riseoftheplanetoftheapes.txt,Action/riseoftheplanetoftheapes.txt,1,0,0,0,0,0,1,0,0,0,0,0,0,0,0,0,1,0,0,0,0,0
rko281.txt,Drama/rko281.txt,0,0,0,0,0,0,1,0,0,0,0,0,0,0,0,0,0,0,0,0,0,0
roadthe.txt,Adventure/roadthe.txt,0,1,0,0,0,0,1,0,0,0,0,0,0,0,0,0,0,0,0,1,0,0
robinhoodprinceofthieves.txt,Action/robinhoodprinceofthieves.txt,1,1,0,0,0,0,1,0,0,0,0,0,0,0,0,0,0,0,0,0,0,0
rocknrolla.txt,Action/rocknrolla.txt,1,0,0,0,1,1,0,0,0,0,0,0,0,0,0,0,0,0,0,0,0,0
rockthe.txt,Action/rockthe.txt,1,0,0,0,0,0,0,0,0,0,0,0,0,0,0,0,0,0,0,0,0,0
rocky.txt,Drama/rocky.txt,0,0,0,0,0,0,1,0,0,0,0,0,0,0,0,1,0,0,0,0,0,0
rockyhorrorpictureshowthe.txt,Comedy/rockyhorrorpictureshowthe.txt,0,0,0,0,1,0,0,0,0,0,0,1,0,1,0,0,1,0,0,0,0,0
romeojuliet.txt,Crime/romeojuliet.txt,0,0,0,0,0,1,1,0,0,0,0,0,0,0,0,1,0,0,0,0,0,0
ronin.txt,Action/ronin.txt,1,0,0,0,0,1,0,0,0,0,0,0,0,0,0,0,0,0,0,1,0,0
roommatethe.txt,Drama/roommatethe.txt,0,0,0,0,0,0,1,0,0,0,0,1,0,0,0,0,0,0,0,1,0,0
roughshod.txt,Western/roughshod.txt,0,0,0,0,0,0,0,0,0,0,0,0,0,0,0,0,0,0,0,0,0,1
ruinsthe.txt,Horror/ruinsthe.txt,0,0,0,0,0,0,0,0,0,0,0,1,0,0,0,0,0,0,0,1,0,0
runawaybride.txt,Comedy/runawaybride.txt,0,0,0,0,1,0,0,0,0,0,0,0,0,0,0,1,0,0,0,0,0,0
rush.txt,Action/rush.txt,1,0,0,0,0,0,1,0,0,0,0,0,0,0,0,0,0,0,0,0,0,0
rushhour.txt,Action/rushhour.txt,1,0,0,0,1,1,0,0,0,0,0,0,0,0,0,0,0,0,0,0,0,0
rushhour2.txt,Action/rushhour2.txt,1,0,0,0,1,1,0,0,0,0,0,0,0,0,0,0,0,0,0,0,0,0
rustandbone.txt,Drama/rustandbone.txt,0,0,0,0,0,0,1,0,0,0,0,0,0,0,0,1,0,0,0,0,0,0
s.darko.txt,Crime/s.darko.txt,0,0,0,0,0,1,0,0,0,0,0,0,0,0,1,0,1,0,0,1,0,0
saintthe.txt,Action/saintthe.txt,1,0,0,0,0,0,0,0,0,0,0,0,0,0,0,1,0,0,0,1,0,0
saltonseathe.txt,Crime/saltonseathe.txt,0,0,0,0,0,1,1,0,0,0,0,0,0,0,0,0,0,0,0,1,0,0
sandlotkidsthe.txt,Comedy/sandlotkidsthe.txt,0,0,0,0,1,0,1,1,0,0,0,0,0,0,0,0,0,0,0,0,0,0
savethelastdance.txt,Drama/savethelastdance.txt,0,0,0,0,0,0,1,0,0,0,0,0,0,0,0,1,0,0,0,0,0,0
savingmr.banks.txt,Drama/savingmr.banks.txt,0,0,0,0,0,0,1,0,0,0,0,0,0,0,0,0,0,0,0,0,0,0
savingprivateryan.txt,Action/savingprivateryan.txt,1,0,0,0,0,0,1,0,0,0,0,0,0,0,0,0,0,0,0,0,1,0
saw.txt,Crime/saw.txt,0,0,0,0,0,1,0,0,0,0,0,1,0,0,1,0,0,0,0,1,0,0
scarface.txt,Action/scarface.txt,1,0,0,0,0,1,1,0,0,0,0,0,0,0,0,0,0,0,0,0,0,0
schindlerslist.txt,Drama/schindlerslist.txt,0,0,0,0,0,0,1,0,0,0,0,0,0,0,0,0,0,0,0,0,1,0
scottpilgrimvstheworld.txt,Action/scottpilgrimvstheworld.txt,1,0,0,0,1,0,0,0,1,0,0,0,0,0,0,0,0,0,0,0,0,0
scream.txt,Horror/scream.txt,0,0,0,0,0,0,0,0,0,0,0,1,0,0,1,0,0,0,0,1,0,0
scream2.txt,Horror/scream2.txt,0,0,0,0,0,0,0,0,0,0,0,1,0,0,1,0,0,0,0,1,0,0
scream3.txt,Horror/scream3.txt,0,0,0,0,0,0,0,0,0,0,0,1,0,0,1,0,0,0,0,1,0,0
se7en.txt,Drama/se7en.txt,0,0,0,0,0,0,1,0,0,0,0,0,0,0,1,0,0,0,0,1,0,0
searchersthe.txt,Drama/searchersthe.txt,0,0,0,0,0,0,1,0,0,0,0,0,0,0,0,0,0,0,0,0,0,1
semipro.txt,Comedy/semipro.txt,0,0,0,0,1,0,0,0,0,0,0,0,0,0,0,0,0,0,0,0,0,0
senseandsensibility.txt,Comedy/senseandsensibility.txt,0,0,0,0,1,0,1,0,0,0,0,0,0,0,0,1,0,0,0,0,0,0
serenity.txt,Action/serenity.txt,1,1,0,0,0,0,0,0,0,0,0,0,0,0,0,0,1,0,0,1,0,0
serialmom.txt,Comedy/serialmom.txt,0,0,0,0,1,1,0,0,0,0,0,1,0,0,0,0,0,0,0,0,0,0
sessionsthe.txt,Drama/sessionsthe.txt,0,0,0,0,0,0,1,0,0,0,0,0,0,0,0,1,0,0,0,0,0,0
seventhsealthe.txt,Drama/seventhsealthe.txt,0,0,0,0,0,0,1,0,1,0,0,0,0,0,0,0,0,0,0,0,0,0
sexandthecity.txt,Comedy/sexandthecity.txt,0,0,0,0,1,0,1,0,0,0,0,0,0,0,0,1,0,0,0,0,0,0
sexliesandvideotape.txt,Drama/sexliesandvideotape.txt,0,0,0,0,0,0,1,0,0,0,0,0,0,0,0,0,0,0,0,0,0,0
sexuallife.txt,Comedy/sexuallife.txt,0,0,0,0,1,0,1,0,0,0,0,0,0,0,0,0,0,0,0,0,0,0
shakespeareinlove.txt,Comedy/shakespeareinlove.txt,0,0,0,0,1,0,1,0,0,0,0,0,0,0,0,1,0,0,0,0,0,0
shallowgrave.txt,Comedy/shallowgrave.txt,0,0,0,0,1,1,1,0,0,0,0,0,0,0,0,0,0,0,0,1,0,0
shame.txt,Drama/shame.txt,0,0,0,0,0,0,1,0,0,0,0,0,0,0,0,0,0,0,0,0,0,0
shampoo.txt,Drama/shampoo.txt,0,0,0,0,0,0,1,0,0,0,0,0,0,0,0,0,0,0,0,0,0,0
shawshankredemptionthe.txt,Drama/shawshankredemptionthe.txt,0,0,0,0,0,0,1,0,0,0,0,0,0,0,0,0,0,0,0,0,0,0
sherlockholmes.txt,Action/sherlockholmes.txt,1,1,0,0,0,1,0,0,0,0,0,0,0,0,1,0,0,0,0,1,0,0
shesoutofmyleague.txt,Comedy/shesoutofmyleague.txt,0,0,0,0,1,0,0,0,0,0,0,0,0,0,0,1,0,0,0,0,0,0
shifty.txt,Thriller/shifty.txt,0,0,0,0,0,0,0,0,0,0,0,0,0,0,0,0,0,0,0,1,0,0
shiningthe.txt,Horror/shiningthe.txt,0,0,0,0,0,0,0,0,0,0,0,1,0,0,0,0,0,0,0,1,0,0
shippingnewsthe.txt,Drama/shippingnewsthe.txt,0,0,0,0,0,0,1,0,0,0,0,0,0,0,0,1,0,0,0,0,0,0
shivers.txt,Horror/shivers.txt,0,0,0,0,0,0,0,0,0,0,0,1,0,0,0,0,1,0,0,0,0,0
shrek.txt,Adventure/shrek.txt,0,1,1,0,1,0,0,1,1,0,0,0,0,0,0,1,0,0,0,0,0,0
shrekthethird.txt,Adventure/shrekthethird.txt,0,1,1,0,1,0,0,0,0,0,0,0,0,0,0,0,0,0,0,0,0,0
sideways.txt,Adventure/sideways.txt,0,1,0,0,1,0,1,0,0,0,0,0,0,0,0,0,0,0,0,0,0,0
siegethe.txt,Action/siegethe.txt,1,0,0,0,0,0,1,0,0,0,0,0,0,0,0,0,0,0,0,1,0,0
signs.txt,Drama/signs.txt,0,0,0,0,0,0,1,0,0,0,0,1,0,0,0,0,1,0,0,1,0,0
silenceofthelambs.txt,Crime/silenceofthelambs.txt,0,0,0,0,0,1,1,0,0,0,0,1,0,0,0,0,0,0,0,1,0,0
silverbullet.txt,Horror/silverbullet.txt,0,0,0,0,0,0,0,0,0,0,0,1,0,0,0,0,0,0,0,0,0,0
silverliningsplaybook.txt,Comedy/silverliningsplaybook.txt,0,0,0,0,1,0,1,0,0,0,0,0,0,0,0,1,0,0,0,0,0,0
simone.txt,Comedy/simone.txt,0,0,0,0,1,0,1,0,0,0,0,0,0,0,0,0,1,0,0,0,0,0
singlewhitefemale.txt,Drama/singlewhitefemale.txt,0,0,0,0,0,0,1,0,0,0,0,0,0,0,0,0,0,0,0,1,0,0
sisteract.txt,Comedy/sisteract.txt,0,0,0,0,1,1,0,0,0,0,0,0,0,1,0,0,0,0,0,0,0,0
sixdegreesofseparation.txt,Comedy/sixdegreesofseparation.txt,0,0,0,0,1,0,1,0,0,0,0,0,0,0,1,0,0,0,0,0,0,0
sixthsensethe.txt,Drama/sixthsensethe.txt,0,0,0,0,0,0,1,0,0,0,0,1,0,0,1,0,0,0,0,1,0,0
sleeplessinseattle.txt,Comedy/sleeplessinseattle.txt,0,0,0,0,1,0,1,0,0,0,0,0,0,0,0,1,0,0,0,0,0,0
sleepyhollow.txt,Horror/sleepyhollow.txt,0,0,0,0,0,0,0,0,0,0,0,1,0,0,1,0,0,0,0,0,0,0
slingblade.txt,Drama/slingblade.txt,0,0,0,0,0,0,1,0,0,0,0,0,0,0,0,0,0,0,0,0,0,0
slither.txt,Comedy/slither.txt,0,0,0,0,1,0,0,0,0,0,0,1,0,0,0,0,1,0,0,0,0,0
slumdogmillionaire.txt,Crime/slumdogmillionaire.txt,0,0,0,0,0,1,1,0,0,0,0,0,0,0,0,1,0,0,0,0,0,0
smashed.txt,Comedy/smashed.txt,0,0,0,0,1,0,1,0,0,0,0,0,0,0,0,0,0,0,0,0,0,0
smokinaces.txt,Action/smokinaces.txt,1,0,0,0,1,1,1,0,0,0,0,0,0,0,0,0,0,0,0,0,0,0
snatch.txt,Comedy/snatch.txt,0,0,0,0,1,1,0,0,0,0,0,0,0,0,0,0,0,0,0,0,0,0
snowfallingoncedars.txt,Drama/snowfallingoncedars.txt,0,0,0,0,0,0,1,0,0,0,0,0,0,0,0,0,0,0,0,0,0,0
snowwhiteandthehuntsman.txt,Action/snowwhiteandthehuntsman.txt,1,1,0,0,0,0,1,0,0,0,0,0,0,0,0,0,0,0,0,0,0,0
socialnetworkthe.txt,Drama/socialnetworkthe.txt,0,0,0,0,0,0,1,0,0,0,0,0,0,0,0,0,0,0,0,0,0,0
soimarriedanaxemurderer.txt,Comedy/soimarriedanaxemurderer.txt,0,0,0,0,1,0,0,0,0,0,0,0,0,0,0,1,0,0,0,1,0,0
solaris.txt,Drama/solaris.txt,0,0,0,0,0,0,1,0,0,0,0,0,0,0,0,1,1,0,0,0,0,0
soldier.txt,Action/soldier.txt,1,0,0,0,0,0,1,0,0,0,0,0,0,0,0,0,1,0,0,0,0,0
someonetowatchoverme.txt,Action/someonetowatchoverme.txt,1,0,0,0,0,1,1,0,0,0,0,0,0,0,0,0,0,0,0,1,0,0
somethingsgottagive.txt,Comedy/somethingsgottagive.txt,0,0,0,0,1,0,1,0,0,0,0,0,0,0,0,1,0,0,0,0,0,0
sourcecode.txt,Mystery/sourcecode.txt,0,0,0,0,0,0,0,0,0,0,0,0,0,0,1,0,1,0,0,1,0,0
southpark.txt,Animation/southpark.txt,0,0,1,0,1,0,0,0,0,0,0,0,0,1,0,0,0,0,0,0,0,0
spanglish.txt,Comedy/spanglish.txt,0,0,0,0,1,0,1,0,0,0,0,0,0,0,0,1,0,0,0,0,0,0
spareme.txt,Thriller/spareme.txt,0,0,0,0,0,0,0,0,0,0,0,0,0,0,0,0,0,0,0,1,0,0
spartan.txt,Crime/spartan.txt,0,0,0,0,0,1,1,0,0,0,0,0,0,0,0,0,0,0,0,1,0,0
speedracer.txt,Action/speedracer.txt,1,0,0,0,0,0,0,1,0,0,0,0,0,0,0,0,0,0,1,0,0,0
sphere.txt,Sci-Fi/sphere.txt,0,0,0,0,0,0,0,0,0,0,0,0,0,0,0,0,1,0,0,1,0,0
spiderman.txt,Action/spiderman.txt,1,1,0,0,0,0,0,0,0,0,0,0,0,0,0,0,1,0,0,0,0,0
st.elmosfire.txt,Drama/st.elmosfire.txt,0,0,0,0,0,0,1,0,0,0,0,0,0,0,0,1,0,0,0,0,0,0
starman.txt,Adventure/starman.txt,0,1,0,0,0,0,1,0,0,0,0,0,0,0,0,1,1,0,0,0,0,0
starshiptroopers.txt,Action/starshiptroopers.txt,1,0,0,0,0,0,0,0,0,0,0,0,0,0,0,0,1,0,0,0,0,0
startrek.txt,Action/startrek.txt,1,1,0,0,0,0,0,0,0,0,0,0,0,0,0,0,1,0,0,0,0,0
startrekfirstcontact.txt,Action/startrekfirstcontact.txt,1,1,0,0,0,0,0,0,0,0,0,0,0,0,0,0,1,0,0,0,0,0
startrekgenerations.txt,Action/startrekgenerations.txt,1,1,0,0,0,0,0,0,0,0,0,0,0,0,0,0,1,0,0,0,0,0
startrekiithewrathofkhan.txt,Action/startrekiithewrathofkhan.txt,1,1,0,0,0,0,0,0,0,0,0,0,0,0,0,0,1,0,0,0,0,0
startreknemesis.txt,Action/startreknemesis.txt,1,1,0,0,0,0,1,0,0,0,0,0,0,0,0,0,1,0,0,1,0,0
startrekthemotionpicture.txt,Sci-Fi/startrekthemotionpicture.txt,0,0,0,0,0,0,0,0,0,0,0,0,0,0,0,0,1,0,0,0,0,0
starwarsanewhope.txt,Action/starwarsanewhope.txt,1,1,0,0,0,0,0,0,1,0,0,0,0,0,0,0,1,0,0,0,0,0
starwarsattackoftheclones.txt,Action/starwarsattackoftheclones.txt,1,1,0,0,0,0,0,0,1,0,0,0,0,0,0,0,1,0,0,0,0,0
starwarsreturnofthejedi.txt,Action/starwarsreturnofthejedi.txt,1,1,0,0,0,0,0,0,1,0,0,0,0,0,0,0,1,0,0,0,0,0
starwarstheempirestrikesback.txt,Action/starwarstheempirestrikesback.txt,1,1,0,0,0,0,0,0,1,0,0,0,0,0,0,0,1,0,0,0,0,0
starwarsthephantommenace.txt,Action/starwarsthephantommenace.txt,1,1,0,0,0,0,0,0,1,0,0,0,0,0,0,0,1,0,0,0,0,0
stateandmain.txt,Comedy/stateandmain.txt,0,0,0,0,1,0,0,0,0,0,0,0,0,0,0,0,0,0,0,0,0,0
stationwest.txt,Western/stationwest.txt,0,0,0,0,0,0,0,0,0,0,0,0,0,0,0,0,0,0,0,0,0,1
stepmom.txt,Comedy/stepmom.txt,0,0,0,0,1,0,1,0,0,0,0,0,0,0,0,0,0,0,0,0,0,0
stingthe.txt,Comedy/stingthe.txt,0,0,0,0,1,1,1,0,0,0,0,0,0,0,0,0,0,0,0,0,0,0
stirofechoes.txt,Horror/stirofechoes.txt,0,0,0,0,0,0,0,0,0,0,0,1,0,0,1,0,0,0,0,1,0,0
storytelling.txt,Comedy/storytelling.txt,0,0,0,0,1,0,1,0,0,0,0,0,0,0,0,0,0,0,0,0,0,0
strangedays.txt,Action/strangedays.txt,1,0,0,0,0,1,1,0,0,0,0,0,0,0,1,0,1,0,0,1,0,0
strangersonatrain.txt,Drama/strangersonatrain.txt,0,0,0,0,0,0,1,0,0,1,0,0,0,0,0,0,0,0,0,1,0,0
stuntmanthe.txt,Action/stuntmanthe.txt,1,1,0,0,1,0,1,0,0,0,0,0,0,0,0,1,0,0,0,1,0,0
sugar.txt,Drama/sugar.txt,0,0,0,0,0,0,1,0,0,0,0,0,0,0,0,0,0,0,0,0,0,0
sugarandspice.txt,Comedy/sugarandspice.txt,0,0,0,0,1,0,0,0,0,0,0,0,0,0,0,0,0,0,0,0,0,0
sunsetblvd..txt,Drama/sunsetblvd..txt,0,0,0,0,0,0,1,0,0,1,0,0,0,0,0,0,0,0,0,0,0,0
sunshinecleaning.txt,Comedy/sunshinecleaning.txt,0,0,0,0,1,0,1,0,0,0,0,0,0,0,0,0,0,0,0,0,0,0
super8.txt,Mystery/super8.txt,0,0,0,0,0,0,0,0,0,0,0,0,0,0,1,0,1,0,0,1,0,0
superbad.txt,Comedy/superbad.txt,0,0,0,0,1,0,0,0,0,0,0,0,0,0,0,0,0,0,0,0,0,0
supergirl.txt,Action/supergirl.txt,1,1,0,0,0,0,0,0,1,0,0,0,0,0,0,0,1,0,0,0,0,0
surferkingthe.txt,Comedy/surferkingthe.txt,0,0,0,0,1,0,0,0,0,0,0,0,0,0,0,0,0,0,0,0,0,0
surrogates.txt,Action/surrogates.txt,1,0,0,0,0,0,0,0,0,0,0,0,0,0,0,0,1,0,0,1,0,0
suspectzero.txt,Crime/suspectzero.txt,0,0,0,0,0,1,1,0,0,0,0,1,0,0,0,0,0,0,0,1,0,0
sweeneytoddthedemonbarberoffleetstreet.txt,Drama/sweeneytoddthedemonbarberoffleetstreet.txt,0,0,0,0,0,0,1,0,0,0,0,1,0,1,0,0,0,0,0,0,0,0
sweethereafterthe.txt,Drama/sweethereafterthe.txt,0,0,0,0,0,0,1,0,0,0,0,0,0,0,0,0,0,0,0,0,0,0
sweetsmellofsuccess.txt,Drama/sweetsmellofsuccess.txt,0,0,0,0,0,0,1,0,0,1,0,0,0,0,0,0,0,0,0,0,0,0
swingers.txt,Comedy/swingers.txt,0,0,0,0,1,0,1,0,0,0,0,0,0,0,0,0,0,0,0,0,0,0
swordfish.txt,Action/swordfish.txt,1,0,0,0,0,0,0,0,0,0,0,0,0,0,0,0,0,0,0,1,0,0
synecdochenewyork.txt,Comedy/synecdochenewyork.txt,0,0,0,0,1,0,1,0,0,0,0,0,0,0,0,0,0,0,0,0,0,0
syriana.txt,Drama/syriana.txt,0,0,0,0,0,0,1,0,0,0,0,0,0,0,0,0,0,0,0,1,0,0
takeshelter.txt,Drama/takeshelter.txt,0,0,0,0,0,0,1,0,0,0,0,0,0,0,0,0,0,0,0,1,0,0
takinglives.txt,Crime/takinglives.txt,0,0,0,0,0,1,1,0,0,0,0,1,0,0,0,0,0,0,0,1,0,0
takingofpelhamonetwothreethe.txt,Crime/takingofpelhamonetwothreethe.txt,0,0,0,0,0,1,1,0,0,0,0,0,0,0,0,0,0,0,0,1,0,0
takingsides.txt,Drama/takingsides.txt,0,0,0,0,0,0,1,0,0,0,0,0,1,0,0,0,0,0,0,0,0,0
talentedmr.ripleythe.txt,Crime/talentedmr.ripleythe.txt,0,0,0,0,0,1,1,0,0,0,0,1,0,0,1,0,0,0,0,1,0,0
tallinthesaddle.txt,Mystery/tallinthesaddle.txt,0,0,0,0,0,0,0,0,0,0,0,0,0,0,1,1,0,0,0,0,0,1
tamaradrewe.txt,Comedy/tamaradrewe.txt,0,0,0,0,1,0,1,0,0,0,0,0,0,0,0,1,0,0,0,0,0,0
taxidriver.txt,Crime/taxidriver.txt,0,0,0,0,0,1,1,0,0,0,0,0,0,0,0,0,0,0,0,1,0,0
ted.txt,Comedy/ted.txt,0,0,0,0,1,0,0,0,1,0,0,0,0,0,0,0,0,0,0,0,0,0
terminator.txt,Action/terminator.txt,1,0,0,0,0,0,1,0,0,0,0,0,0,0,0,1,1,0,0,1,0,0
terminator2judgementday.txt,Action/terminator2judgementday.txt,1,0,0,0,0,0,1,0,0,0,0,0,0,0,0,0,1,0,0,1,0,0
terminatorsalvation.txt,Action/terminatorsalvation.txt,1,1,0,0,0,0,0,0,0,0,0,0,0,0,0,0,1,0,0,1,0,0
thelmalouise.txt,Action/thelmalouise.txt,1,0,0,0,0,1,1,0,0,0,0,0,0,0,0,0,0,0,0,1,0,0
theragecarrie2.txt,Horror/theragecarrie2.txt,0,0,0,0,0,0,0,0,0,0,0,1,0,0,0,0,1,0,0,1,0,0
theressomethingaboutmary.txt,Comedy/theressomethingaboutmary.txt,0,0,0,0,1,0,0,0,0,0,0,0,0,0,0,1,0,0,0,0,0,0
they.txt,Horror/they.txt,0,0,0,0,0,0,0,0,0,0,0,1,0,0,0,0,0,0,0,1,0,0
thingsmyfathernevertaughtmethe.txt,Comedy/thingsmyfathernevertaughtmethe.txt,0,0,0,0,1,0,0,0,0,0,0,0,0,0,0,1,0,1,0,0,0,0
thingthe.txt,Action/thingthe.txt,1,0,0,0,0,0,0,0,0,0,0,1,0,0,0,0,1,0,0,1,0,0
thirteendays.txt,Drama/thirteendays.txt,0,0,0,0,0,0,1,0,0,0,0,0,0,0,0,0,0,0,0,0,0,0
thisboyslife.txt,Drama/thisboyslife.txt,0,0,0,0,0,0,1,0,0,0,0,0,0,0,0,0,0,0,0,0,0,0
thisis40.txt,Comedy/thisis40.txt,0,0,0,0,1,0,0,0,0,0,0,0,0,0,0,0,0,0,0,0,0,0
thor.txt,Action/thor.txt,1,1,0,0,0,0,0,0,1,0,0,0,0,0,0,0,0,0,0,0,0,0
threekings.txt,Action/threekings.txt,1,1,0,0,0,0,0,0,0,0,0,0,0,0,0,0,0,0,0,0,1,0
threekingsspoilsofwar.txt,Action/threekingsspoilsofwar.txt,1,1,0,0,0,0,0,0,0,0,0,0,0,0,0,0,0,0,0,0,1,0
threemenandababy.txt,Comedy/threemenandababy.txt,0,0,0,0,1,0,0,1,0,0,0,0,0,0,0,0,0,0,0,0,0,0
threemusketeersthe.txt,Action/threemusketeersthe.txt,1,1,0,0,1,0,0,0,0,0,0,0,0,0,0,1,0,0,0,0,0,0
thunderbirds.txt,Action/thunderbirds.txt,1,1,0,0,1,0,0,0,0,0,0,0,0,0,0,0,0,0,0,0,0,0
thunderheart.txt,Crime/thunderheart.txt,0,0,0,0,0,1,0,0,0,0,0,0,0,0,1,0,0,0,0,1,0,0
ticker.txt,Action/ticker.txt,1,0,0,0,0,1,0,0,0,0,0,0,0,0,0,0,0,0,0,1,0,0
timberfalls.txt,Horror/timberfalls.txt,0,0,0,0,0,0,0,0,0,0,0,1,0,0,0,0,0,0,0,1,0,0
timemachinethe.txt,Action/timemachinethe.txt,1,1,0,0,0,0,0,0,0,0,0,0,0,0,0,0,1,0,0,0,0,0
tincup.txt,Comedy/tincup.txt,0,0,0,0,1,0,1,0,0,0,0,0,0,0,0,1,0,0,0,0,0,0
tinkertailorsoldierspy.txt,Drama/tinkertailorsoldierspy.txt,0,0,0,0,0,0,1,0,0,0,0,0,0,0,1,0,0,0,0,1,0,0
tinmen.txt,Comedy/tinmen.txt,0,0,0,0,1,0,1,0,0,0,0,0,0,0,0,0,0,0,0,0,0,0
titanic.txt,Drama/titanic.txt,0,0,0,0,0,0,1,0,0,0,0,0,0,0,0,1,0,0,0,0,0,0
tmnt.txt,Action/tmnt.txt,1,1,1,0,1,0,1,0,1,0,0,0,0,0,0,0,0,0,0,0,0,0
tombstone.txt,Action/tombstone.txt,1,0,0,0,0,0,1,0,0,0,0,0,0,0,0,0,0,0,0,0,0,1
tomorrowneverdies.txt,Action/tomorrowneverdies.txt,1,1,0,0,0,0,0,0,0,0,0,0,0,0,0,0,0,0,0,1,0,0
topgun.txt,Action/topgun.txt,1,0,0,0,0,0,1,0,0,0,0,0,0,0,0,0,0,0,0,0,0,0
tosleepwithanger.txt,Drama/tosleepwithanger.txt,0,0,0,0,0,0,1,0,0,0,0,0,0,0,0,0,0,0,0,0,0,0
totalrecall.txt,Action/totalrecall.txt,1,1,0,0,0,0,0,0,0,0,0,0,0,0,0,0,1,0,0,1,0,0
touristthe.txt,Action/touristthe.txt,1,0,0,0,0,0,1,0,0,0,0,0,0,0,0,0,0,0,0,1,0,0
toystory.txt,Animation/toystory.txt,0,0,1,0,1,0,0,1,1,0,0,0,0,0,0,0,0,0,0,0,0,0
traffic.txt,Crime/traffic.txt,0,0,0,0,0,1,1,0,0,0,0,0,0,0,0,0,0,0,0,1,0,0
trainspotting.txt,Drama/trainspotting.txt,0,0,0,0,0,0,1,0,0,0,0,0,0,0,0,0,0,0,0,0,0,0
transformersthemovie.txt,Action/transformersthemovie.txt,1,0,1,0,0,0,0,1,0,0,0,0,0,0,0,0,1,0,0,0,0,0
tremors.txt,Comedy/tremors.txt,0,0,0,0,1,0,0,0,0,0,0,1,0,0,0,0,1,0,0,0,0,0
tristanandisolde.txt,Action/tristanandisolde.txt,1,1,0,0,0,0,1,0,0,0,0,0,0,0,0,1,0,0,0,0,0,0
tron.txt,Action/tron.txt,1,1,0,0,0,0,0,0,1,0,0,0,0,0,0,0,1,0,0,0,0,0
tronlegacy.txt,Action/tronlegacy.txt,1,1,0,0,0,0,0,0,0,0,0,0,0,0,0,0,1,0,0,0,0,0
tropicthunder.txt,Action/tropicthunder.txt,1,1,0,0,1,0,0,0,0,0,0,0,0,0,0,0,0,0,0,0,1,0
truegrit.txt,Adventure/truegrit.txt,0,1,0,0,0,0,1,0,0,0,0,0,0,0,0,0,0,0,0,0,0,1
truelies.txt,Action/truelies.txt,1,1,0,0,1,0,0,0,0,0,0,0,0,0,0,1,0,0,0,1,0,0
trueromance.txt,Action/trueromance.txt,1,0,0,0,0,1,0,0,0,0,0,0,0,0,0,1,0,0,0,1,0,0
trumanshowthe.txt,Comedy/trumanshowthe.txt,0,0,0,0,1,0,1,0,1,0,0,0,0,0,0,0,1,0,0,0,0,0
twilight.txt,Drama/twilight.txt,0,0,0,0,0,0,1,0,1,0,0,0,0,0,0,1,0,0,0,1,0,0
twilightnewmoon.txt,Drama/twilightnewmoon.txt,0,0,0,0,0,0,1,0,1,0,0,1,0,0,0,1,0,0,0,1,0,0
twinpeaks.txt,Drama/twinpeaks.txt,0,0,0,0,0,0,1,0,0,0,0,1,0,0,1,0,0,0,0,1,0,0
twins.txt,Action/twins.txt,1,0,0,0,1,0,0,0,0,0,0,0,0,0,0,0,1,0,0,0,0,0
twoforthemoney.txt,Comedy/twoforthemoney.txt,0,0,0,0,1,0,1,0,0,0,0,0,0,0,0,0,0,0,1,1,0,0
uglytruththe.txt,Comedy/uglytruththe.txt,0,0,0,0,1,0,0,0,0,0,0,0,0,0,0,1,0,0,0,0,0,0
unbreakable.txt,Drama/unbreakable.txt,0,0,0,0,0,0,1,0,1,0,0,0,0,0,0,0,0,0,0,1,0,0
underfire.txt,Drama/underfire.txt,0,0,0,0,0,0,1,0,0,0,0,0,0,0,0,0,0,0,0,0,0,0
unknown.txt,Drama/unknown.txt,0,0,0,0,0,0,1,0,0,0,0,0,0,0,1,0,0,0,0,1,0,0
up.txt,Adventure/up.txt,0,1,1,0,1,0,1,1,0,0,0,0,0,0,0,0,0,0,0,0,0,0
upintheair.txt,Drama/upintheair.txt,0,0,0,0,0,0,1,0,0,0,0,0,0,0,0,1,0,0,0,0,0,0
usualsuspectsthe.txt,Crime/usualsuspectsthe.txt,0,0,0,0,0,1,0,0,0,0,0,0,0,0,1,0,0,0,0,1,0,0
uturn.txt,Drama/uturn.txt,0,0,0,0,0,0,1,0,0,0,0,0,0,0,0,0,0,0,0,1,0,0
valkyrie.txt,Drama/valkyrie.txt,0,0,0,0,0,0,1,0,0,0,0,0,0,0,0,0,0,0,0,1,1,0
vanillasky.txt,Mystery/vanillasky.txt,0,0,0,0,0,0,0,0,0,0,0,0,0,0,1,1,1,0,0,1,0,0
verdictthe.txt,Drama/verdictthe.txt,0,0,0,0,0,0,1,0,0,0,0,0,0,0,0,0,0,0,0,0,0,0
verybadthings.txt,Comedy/verybadthings.txt,0,0,0,0,1,0,0,0,0,0,0,0,0,0,0,0,0,0,0,1,0,0
vforvendetta.txt,Action/vforvendetta.txt,1,0,0,0,0,0,1,0,0,0,0,0,0,0,0,0,1,0,0,1,0,0
virtuosity.txt,Action/virtuosity.txt,1,0,0,0,0,0,0,0,0,0,0,0,0,0,0,0,1,0,0,1,0,0
visitorthe.txt,Crime/visitorthe.txt,0,0,0,0,0,1,1,0,0,0,0,0,0,0,0,1,0,0,0,0,0,0
wagthedog.txt,Comedy/wagthedog.txt,0,0,0,0,1,0,0,0,0,0,0,0,0,0,0,0,0,0,0,0,0,0
walkingtall.txt,Action/walkingtall.txt,1,0,0,0,0,0,1,0,0,0,0,0,0,0,0,0,0,0,0,1,0,0
walktoremembera.txt,Drama/walktoremembera.txt,0,0,0,0,0,0,1,0,0,0,0,0,0,0,0,1,0,0,0,0,0,0
walle.txt,Adventure/walle.txt,0,1,1,0,1,0,1,1,0,0,0,0,0,0,0,1,1,0,0,0,0,0
wallstreet.txt,Crime/wallstreet.txt,0,0,0,0,0,1,1,0,0,0,0,0,0,0,0,0,0,0,0,0,0,0
wallstreetmoneyneversleeps.txt,Drama/wallstreetmoneyneversleeps.txt,0,0,0,0,0,0,1,0,0,0,0,0,0,0,0,0,0,0,0,0,0,0
wanted.txt,Action/wanted.txt,1,0,0,0,0,1,0,0,0,0,0,0,0,0,0,0,0,0,0,1,0,0
warhorse.txt,Drama/warhorse.txt,0,0,0,0,0,0,1,0,0,0,0,0,0,0,0,0,0,0,0,0,1,0
warmsprings.txt,Biography/warmsprings.txt,0,0,0,1,0,0,1,0,0,0,0,0,0,0,0,0,0,0,0,0,0,0
waroftheworlds.txt,Action/waroftheworlds.txt,1,1,0,0,0,0,0,0,0,0,0,0,0,0,0,0,1,0,0,1,0,0
warrior.txt,Action/warrior.txt,1,0,0,0,0,0,1,0,0,0,0,0,0,0,0,0,0,0,0,0,0,0
watchmen.txt,Action/watchmen.txt,1,0,0,0,0,0,0,0,1,0,0,0,0,0,0,0,1,0,0,1,0,0
waterforelephants.txt,Drama/waterforelephants.txt,0,0,0,0,0,0,1,0,0,0,0,0,0,0,0,1,0,0,0,0,0,0
waybackthe.txt,Adventure/waybackthe.txt,0,1,0,0,0,0,1,0,0,0,0,0,0,0,0,0,0,0,0,0,0,0
weownthenight.txt,Crime/weownthenight.txt,0,0,0,0,0,1,1,0,0,0,0,0,0,0,0,0,0,0,0,1,0,0
whatliesbeneath.txt,Drama/whatliesbeneath.txt,0,0,0,0,0,0,1,0,0,0,0,1,0,0,1,0,0,0,0,1,0,0
whenastrangercalls.txt,Horror/whenastrangercalls.txt,0,0,0,0,0,0,0,0,0,0,0,1,0,0,0,0,0,0,0,1,0,0
whileshewasout.txt,Crime/whileshewasout.txt,0,0,0,0,0,1,1,0,0,0,0,0,0,0,0,0,0,0,0,1,0,0
whistleblowerthe.txt,Drama/whistleblowerthe.txt,0,0,0,0,0,0,1,0,0,0,0,0,0,0,0,0,0,0,0,1,0,0
whitechristmas.txt,Comedy/whitechristmas.txt,0,0,0,0,1,0,0,0,0,0,0,0,0,1,0,1,0,0,0,0,0,0
whitejazz.txt,Crime/whitejazz.txt,0,0,0,0,0,1,1,0,0,0,0,0,0,0,1,0,0,0,0,1,0,0
whiteout.txt,Action/whiteout.txt,1,0,0,0,0,1,1,0,0,0,0,0,0,0,1,0,0,0,0,1,0,0
whiteribbonthe.txt,Crime/whiteribbonthe.txt,0,0,0,0,0,1,1,0,0,0,0,0,0,0,1,0,0,0,0,0,0,0
whitesquall.txt,Adventure/whitesquall.txt,0,1,0,0,0,0,1,0,0,0,0,0,0,0,0,0,0,0,0,0,0,0
whosyourdaddy.txt,Comedy/whosyourdaddy.txt,0,0,0,0,1,0,0,0,0,0,0,0,0,0,0,0,0,0,0,0,0,0
wildatheart.txt,Crime/wildatheart.txt,0,0,0,0,0,1,1,0,0,0,0,0,0,0,0,1,0,0,0,1,0,0
wildbunchthe.txt,Action/wildbunchthe.txt,1,0,0,0,0,0,0,0,0,0,0,0,0,0,0,0,0,0,0,0,0,1
wildhogs.txt,Action/wildhogs.txt,1,1,0,0,1,0,0,0,0,0,0,0,0,0,0,0,0,0,0,0,0,0
wildthings.txt,Crime/wildthings.txt,0,0,0,0,0,1,1,0,0,0,0,0,0,0,0,0,0,0,0,0,0,0
wildthingsdiamondsintherough.txt,Action/wildthingsdiamondsintherough.txt,1,0,0,0,0,0,1,0,0,0,0,0,0,0,1,0,0,0,0,1,0,0
wildwildwest.txt,Action/wildwildwest.txt,1,0,0,0,1,0,0,0,0,0,0,0,0,0,0,0,1,0,0,0,0,1
willow.txt,Action/willow.txt,1,1,0,0,1,0,0,0,1,0,0,0,0,0,0,0,0,0,0,0,0,0
windchill.txt,Horror/windchill.txt,0,0,0,0,0,0,0,0,0,0,0,1,0,0,0,0,0,0,0,1,0,0
winwin.txt,Comedy/winwin.txt,0,0,0,0,1,0,1,0,0,0,0,0,0,0,0,0,0,0,0,0,0,0
withnailandi.txt,Comedy/withnailandi.txt,0,0,0,0,1,0,0,0,0,0,0,0,0,0,0,0,0,0,0,0,0,0
witness.txt,Crime/witness.txt,0,0,0,0,0,1,1,0,0,0,0,0,0,0,0,1,0,0,0,1,0,0
wizardofozthe.txt,Adventure/wizardofozthe.txt,0,1,0,0,0,0,0,1,1,0,0,0,0,1,0,0,0,0,0,0,0,0
wolfofwallstreetthe.txt,Comedy/wolfofwallstreetthe.txt,0,0,0,0,1,1,0,0,0,0,0,0,0,0,0,0,0,0,0,0,0,0
wonderboys.txt,Comedy/wonderboys.txt,0,0,0,0,1,0,1,0,0,0,0,0,0,0,0,0,0,0,0,0,0,0
woodsmanthe.txt,Drama/woodsmanthe.txt,0,0,0,0,0,0,1,0,0,0,0,0,0,0,0,0,0,0,0,0,0,0
worldisnotenoughthe.txt,Action/worldisnotenoughthe.txt,1,1,0,0,0,0,0,0,0,0,0,0,0,0,0,0,0,0,0,1,0,0
wrestlerthe.txt,Drama/wrestlerthe.txt,0,0,0,0,0,0,1,0,0,0,0,0,0,0,0,0,0,0,0,0,0,0
xfilesfightthefuturethe.txt,Action/xfilesfightthefuturethe.txt,1,0,0,0,0,0,0,0,0,0,0,0,0,0,0,0,1,0,0,1,0,0
xmen.txt,Action/xmen.txt,1,0,0,0,0,0,0,0,0,0,0,0,0,0,0,0,1,0,0,0,0,0
xmenoriginswolverine.txt,Action/xmenoriginswolverine.txt,1,0,0,0,0,0,0,0,1,0,0,0,0,0,0,0,1,0,0,1,0,0
xxx.txt,Action/xxx.txt,1,1,0,0,0,0,0,0,0,0,0,0,0,0,0,0,0,0,0,1,0,0
yearone.txt,Adventure/yearone.txt,0,1,0,0,1,0,0,0,0,0,0,0,0,0,0,0,0,0,0,0,0,0
yesman.txt,Comedy/yesman.txt,0,0,0,0,1,0,0,0,0,0,0,0,0,0,0,1,0,0,0,0,0,0
youcancountonme.txt,Drama/youcancountonme.txt,0,0,0,0,0,0,1,0,0,0,0,0,0,0,0,0,0,0,0,0,0,0
youthinrevolt.txt,Comedy/youthinrevolt.txt,0,0,0,0,1,0,1,0,0,0,0,0,0,0,0,1,0,0,0,0,0,0
youvegotmail.txt,Comedy/youvegotmail.txt,0,0,0,0,1,0,0,0,0,0,0,0,0,0,0,1,0,0,0,0,0,0
zerodarkthirty.txt,Drama/zerodarkthirty.txt,0,0,0,0,0,0,1,0,0,0,0,0,0,0,0,0,0,0,0,1,0,0
zerophilia.txt,Comedy/zerophilia.txt,0,0,0,0,1,0,0,0,0,0,0,0,0,0,0,1,0,0,0,0,0,0
